{"textures":{"0":"modelengine:entity/bs_vm_penguin_texture"},"elements":[{"from":[7.0,8.333333,2.3333335],"to":[9.0,10.333333,5.333333],"faces":{"east":{"uv":[6.25,4.0,7.0,4.5],"tintindex":0,"rotation":0,"texture":"#0"},"south":{"uv":[9.25,3.75,9.75,4.25],"tintindex":0,"rotation":0,"texture":"#0"},"north":{"uv":[9.25,3.25,9.75,3.75],"tintindex":0,"rotation":0,"texture":"#0"},"west":{"uv":[6.25,4.5,7.0,5.0],"tintindex":0,"rotation":0,"texture":"#0"},"up":{"uv":[4.0,6.75,3.5,6.0],"tintindex":0,"rotation":0,"texture":"#0"},"down":{"uv":[7.5,4.0,7.0,4.75],"tintindex":0,"rotation":0,"texture":"#0"}}},{"from":[4.0,7.333333,3.833333],"to":[12.0,13.333333,11.833333],"faces":{"east":{"uv":[7.75,2.0,9.5,3.25],"tintindex":0,"rotation":0,"texture":"#0"},"south":{"uv":[6.5,8.0,8.25,9.25],"tintindex":0,"rotation":0,"texture":"#0"},"north":{"uv":[1.75,7.75,3.5,9.0],"tintindex":0,"rotation":0,"texture":"#0"},"west":{"uv":[8.25,0.0,10.0,1.25],"tintindex":0,"rotation":0,"texture":"#0"},"up":{"uv":[1.75,7.75,0.0,6.0],"tintindex":0,"rotation":0,"texture":"#0"},"down":{"uv":[3.5,6.0,1.75,7.75],"tintindex":0,"rotation":0,"texture":"#0"}}},{"from":[4.5,7.833333,4.333333],"to":[11.5,12.833333,11.333333],"faces":{"east":{"uv":[7.5,4.0,9.25,5.25],"tintindex":0,"rotation":0,"texture":"#0"},"south":{"uv":[7.5,5.25,9.25,6.5],"tintindex":0,"rotation":0,"texture":"#0"},"north":{"uv":[6.5,6.75,8.25,8.0],"tintindex":0,"rotation":0,"texture":"#0"},"west":{"uv":[0.0,7.75,1.75,9.0],"tintindex":0,"rotation":0,"texture":"#0"},"up":{"uv":[5.75,6.75,4.0,5.0],"tintindex":0,"rotation":0,"texture":"#0"},"down":{"uv":[7.5,5.0,5.75,6.75],"tintindex":0,"rotation":0,"texture":"#0"}}}]}