{"textures":{"0":"modelengine:entity/rocky"},"elements":[{"from":[12.50225,3.5022502,3.5022502],"to":[14.74775,7.9977508,4.6227503],"faces":{"east":{"uv":[9.875,12.375,10.0,12.875],"tintindex":0,"rotation":0,"texture":"#0"},"south":{"uv":[6.75,10.375,7.0,10.875],"tintindex":0,"rotation":0,"texture":"#0"},"north":{"uv":[0.75,8.75,1.0,9.25],"tintindex":0,"rotation":0,"texture":"#0"},"west":{"uv":[10.0,12.375,10.125,12.875],"tintindex":0,"rotation":0,"texture":"#0"},"up":{"uv":[7.5,4.625,7.25,4.5],"tintindex":0,"rotation":0,"texture":"#0"},"down":{"uv":[2.75,7.625,2.5,7.75],"tintindex":0,"rotation":0,"texture":"#0"}},"rotation":{"origin":[22.625,-10.0,4.625],"angle":22.5,"axis":"z"}},{"from":[9.125,6.875,4.625],"to":[10.25,11.375,10.25],"faces":{"east":{"uv":[6.0,11.0,6.625,11.5],"tintindex":0,"rotation":0,"texture":"#0"},"south":{"uv":[9.75,12.375,9.875,12.875],"tintindex":0,"rotation":0,"texture":"#0"},"north":{"uv":[9.625,12.375,9.75,12.875],"tintindex":0,"rotation":0,"texture":"#0"},"west":{"uv":[11.0,7.625,11.625,8.125],"tintindex":0,"rotation":0,"texture":"#0"},"up":{"uv":[11.625,12.875,11.5,12.25],"tintindex":0,"rotation":0,"texture":"#0"},"down":{"uv":[11.75,12.25,11.625,12.875],"tintindex":0,"rotation":0,"texture":"#0"}},"rotation":{"origin":[22.625,-10.0,4.625],"angle":22.5,"axis":"z"}},{"from":[10.25,6.875,3.5],"to":[19.25,12.5,11.375],"faces":{"east":{"uv":[5.5,9.125,6.375,9.75],"tintindex":0,"rotation":0,"texture":"#0"},"south":{"uv":[8.875,1.625,9.875,2.25],"tintindex":0,"rotation":0,"texture":"#0"},"north":{"uv":[3.125,8.5,4.125,9.125],"tintindex":0,"rotation":0,"texture":"#0"},"west":{"uv":[6.375,9.125,7.25,9.75],"tintindex":0,"rotation":0,"texture":"#0"},"up":{"uv":[1.0,7.5,0.0,6.625],"tintindex":0,"rotation":0,"texture":"#0"},"down":{"uv":[7.625,6.125,6.625,7.0],"tintindex":0,"rotation":0,"texture":"#0"}},"rotation":{"origin":[22.625,-10.0,4.625],"angle":22.5,"axis":"z"}},{"from":[10.253375,4.628375,3.503375],"to":[18.121624,6.871625,10.246625],"faces":{"east":{"uv":[11.0,11.875,11.75,12.125],"tintindex":0,"rotation":0,"texture":"#0"},"south":{"uv":[11.75,3.375,12.625,3.625],"tintindex":0,"rotation":0,"texture":"#0"},"north":{"uv":[1.125,4.25,2.0,4.5],"tintindex":0,"rotation":0,"texture":"#0"},"west":{"uv":[11.75,11.875,12.5,12.125],"tintindex":0,"rotation":0,"texture":"#0"},"up":{"uv":[8.875,2.625,8.0,1.875],"tintindex":0,"rotation":0,"texture":"#0"},"down":{"uv":[8.875,4.5,8.0,5.25],"tintindex":0,"rotation":0,"texture":"#0"}},"rotation":{"origin":[22.625,-10.0,4.625],"angle":22.5,"axis":"z"}},{"from":[11.375,1.25,4.625],"to":[15.875,6.875,9.125],"faces":{"east":{"uv":[8.625,11.0,9.125,11.625],"tintindex":0,"rotation":0,"texture":"#0"},"south":{"uv":[11.0,10.125,11.5,10.75],"tintindex":0,"rotation":0,"texture":"#0"},"north":{"uv":[8.125,11.0,8.625,11.625],"tintindex":0,"rotation":0,"texture":"#0"},"west":{"uv":[11.0,10.75,11.5,11.375],"tintindex":0,"rotation":0,"texture":"#0"},"up":{"uv":[8.375,7.625,7.875,7.125],"tintindex":0,"rotation":0,"texture":"#0"},"down":{"uv":[4.75,11.5,4.25,12.0],"tintindex":0,"rotation":0,"texture":"#0"}},"rotation":{"origin":[22.625,-10.0,4.625],"angle":22.5,"axis":"z"}},{"from":[10.25,-4.375,3.5],"to":[17.0,1.25,9.125],"faces":{"east":{"uv":[8.875,10.375,9.5,11.0],"tintindex":0,"rotation":0,"texture":"#0"},"south":{"uv":[9.75,8.875,10.5,9.5],"tintindex":0,"rotation":0,"texture":"#0"},"north":{"uv":[8.25,9.75,9.0,10.375],"tintindex":0,"rotation":0,"texture":"#0"},"west":{"uv":[10.375,10.125,11.0,10.75],"tintindex":0,"rotation":0,"texture":"#0"},"up":{"uv":[9.75,10.375,9.0,9.75],"tintindex":0,"rotation":0,"texture":"#0"},"down":{"uv":[10.5,9.5,9.75,10.125],"tintindex":0,"rotation":0,"texture":"#0"}},"rotation":{"origin":[22.625,-10.0,4.625],"angle":22.5,"axis":"z"}},{"from":[12.5,-3.25,4.625],"to":[18.125,0.125,11.375],"faces":{"east":{"uv":[11.0,6.5,11.75,6.875],"tintindex":0,"rotation":0,"texture":"#0"},"south":{"uv":[0.0,11.75,0.625,12.125],"tintindex":0,"rotation":0,"texture":"#0"},"north":{"uv":[11.625,9.5,12.25,9.875],"tintindex":0,"rotation":0,"texture":"#0"},"west":{"uv":[11.375,1.25,12.125,1.625],"tintindex":0,"rotation":0,"texture":"#0"},"up":{"uv":[0.625,10.625,0.0,9.875],"tintindex":0,"rotation":0,"texture":"#0"},"down":{"uv":[1.25,9.875,0.625,10.625],"tintindex":0,"rotation":0,"texture":"#0"}},"rotation":{"origin":[22.625,-10.0,4.625],"angle":22.5,"axis":"z"}},{"from":[4.625,-1.0,5.75],"to":[11.375,8.0,10.25],"faces":{"east":{"uv":[3.625,9.125,4.125,10.125],"tintindex":0,"rotation":0,"texture":"#0"},"south":{"uv":[3.5,7.5,4.25,8.5],"tintindex":0,"rotation":0,"texture":"#0"},"north":{"uv":[7.5,2.625,8.25,3.625],"tintindex":0,"rotation":0,"texture":"#0"},"west":{"uv":[7.25,9.125,7.75,10.125],"tintindex":0,"rotation":0,"texture":"#0"},"up":{"uv":[2.5,11.25,1.75,10.75],"tintindex":0,"rotation":0,"texture":"#0"},"down":{"uv":[3.25,10.75,2.5,11.25],"tintindex":0,"rotation":0,"texture":"#0"}}},{"from":[10.25,3.5,5.75],"to":[11.375,6.875,8.0],"faces":{"east":{"uv":[8.875,2.25,9.125,2.625],"tintindex":0,"rotation":0,"texture":"#0"},"south":{"uv":[3.25,12.5,3.375,12.875],"tintindex":0,"rotation":0,"texture":"#0"},"north":{"uv":[12.5,1.75,12.625,2.125],"tintindex":0,"rotation":0,"texture":"#0"},"west":{"uv":[7.0,9.75,7.25,10.125],"tintindex":0,"rotation":0,"texture":"#0"},"up":{"uv":[1.125,5.75,1.0,5.5],"tintindex":0,"rotation":0,"texture":"#0"},"down":{"uv":[8.375,8.75,8.25,9.0],"tintindex":0,"rotation":0,"texture":"#0"}},"rotation":{"origin":[22.625,-10.0,4.625],"angle":22.5,"axis":"z"}}]}