{"overrides":[{"predicate":{"custom_model_data":1},"model":"modelengine:forester/rightleg"},{"predicate":{"custom_model_data":2},"model":"modelengine:forester/leftleg"},{"predicate":{"custom_model_data":3},"model":"modelengine:forester/body"},{"predicate":{"custom_model_data":4},"model":"modelengine:forester/rightleg1"},{"predicate":{"custom_model_data":5},"model":"modelengine:forester/leftleg3"},{"predicate":{"custom_model_data":6},"model":"modelengine:forester/upper_body"},{"predicate":{"custom_model_data":7},"model":"modelengine:forester/head"},{"predicate":{"custom_model_data":8},"model":"modelengine:forester/rightarm"},{"predicate":{"custom_model_data":9},"model":"modelengine:forester/leftarm"},{"predicate":{"custom_model_data":10},"model":"modelengine:forester/flower"},{"predicate":{"custom_model_data":11},"model":"modelengine:forester/rightarm4"},{"predicate":{"custom_model_data":12},"model":"modelengine:forester/leftarm3"},{"predicate":{"custom_model_data":13},"model":"modelengine:forester/wine2"},{"predicate":{"custom_model_data":14},"model":"modelengine:forester/wine1"},{"predicate":{"custom_model_data":15},"model":"modelengine:forester/wine1_3"},{"predicate":{"custom_model_data":16},"model":"modelengine:forester/wine1_1"},{"predicate":{"custom_model_data":17},"model":"modelengine:forester/wine1_4"},{"predicate":{"custom_model_data":18},"model":"modelengine:forester/wine1_2"},{"predicate":{"custom_model_data":19},"model":"modelengine:rocky/rightleg"},{"predicate":{"custom_model_data":20},"model":"modelengine:rocky/leftleg"},{"predicate":{"custom_model_data":21},"model":"modelengine:rocky/body"},{"predicate":{"custom_model_data":22},"model":"modelengine:rocky/rightleg2"},{"predicate":{"custom_model_data":23},"model":"modelengine:rocky/rightleg4"},{"predicate":{"custom_model_data":24},"model":"modelengine:rocky/head"},{"predicate":{"custom_model_data":25},"model":"modelengine:rocky/crystal3"},{"predicate":{"custom_model_data":26},"model":"modelengine:rocky/rightarm"},{"predicate":{"custom_model_data":27},"model":"modelengine:rocky/leftarm"},{"predicate":{"custom_model_data":28},"model":"modelengine:rocky/cryatla1"},{"predicate":{"custom_model_data":29},"model":"modelengine:rocky/jaw"},{"predicate":{"custom_model_data":30},"model":"modelengine:rocky/lowerrightarm"},{"predicate":{"custom_model_data":31},"model":"modelengine:rocky/crystal2"},{"predicate":{"custom_model_data":32},"model":"modelengine:rocky/lowerleftarm"},{"predicate":{"custom_model_data":33},"model":"modelengine:rocky/cystal3"},{"predicate":{"custom_model_data":34},"model":"modelengine:wraith/body"},{"predicate":{"custom_model_data":35},"model":"modelengine:wraith/head"},{"predicate":{"custom_model_data":36},"model":"modelengine:wraith/ribcage"},{"predicate":{"custom_model_data":37},"model":"modelengine:wraith/right_arm"},{"predicate":{"custom_model_data":38},"model":"modelengine:wraith/left_arm"},{"predicate":{"custom_model_data":39},"model":"modelengine:wraith/cape"},{"predicate":{"custom_model_data":40},"model":"modelengine:wraith/sword"},{"predicate":{"custom_model_data":41},"model":"modelengine:wraith/hand"}],"parent":"minecraft:item/generated","textures":{"layer0":"minecraft:item/leather_horse_armor"}}