{"overrides":[{"predicate":{"custom_model_data":1},"model":"modelengine:forester/rightleg"},{"predicate":{"custom_model_data":2},"model":"modelengine:forester/leftleg"},{"predicate":{"custom_model_data":3},"model":"modelengine:forester/body"},{"predicate":{"custom_model_data":4},"model":"modelengine:forester/rightleg1"},{"predicate":{"custom_model_data":5},"model":"modelengine:forester/leftleg3"},{"predicate":{"custom_model_data":6},"model":"modelengine:forester/upper_body"},{"predicate":{"custom_model_data":7},"model":"modelengine:forester/head"},{"predicate":{"custom_model_data":8},"model":"modelengine:forester/rightarm"},{"predicate":{"custom_model_data":9},"model":"modelengine:forester/leftarm"},{"predicate":{"custom_model_data":10},"model":"modelengine:forester/flower"},{"predicate":{"custom_model_data":11},"model":"modelengine:forester/rightarm4"},{"predicate":{"custom_model_data":12},"model":"modelengine:forester/leftarm3"},{"predicate":{"custom_model_data":13},"model":"modelengine:forester/wine2"},{"predicate":{"custom_model_data":14},"model":"modelengine:forester/wine1"},{"predicate":{"custom_model_data":15},"model":"modelengine:forester/wine1_3"},{"predicate":{"custom_model_data":16},"model":"modelengine:forester/wine1_1"},{"predicate":{"custom_model_data":17},"model":"modelengine:forester/wine1_4"},{"predicate":{"custom_model_data":18},"model":"modelengine:forester/wine1_2"},{"predicate":{"custom_model_data":19},"model":"modelengine:rocky/rightleg"},{"predicate":{"custom_model_data":20},"model":"modelengine:rocky/leftleg"},{"predicate":{"custom_model_data":21},"model":"modelengine:rocky/body"},{"predicate":{"custom_model_data":22},"model":"modelengine:rocky/rightleg2"},{"predicate":{"custom_model_data":23},"model":"modelengine:rocky/rightleg4"},{"predicate":{"custom_model_data":24},"model":"modelengine:rocky/head"},{"predicate":{"custom_model_data":25},"model":"modelengine:rocky/crystal3"},{"predicate":{"custom_model_data":26},"model":"modelengine:rocky/rightarm"},{"predicate":{"custom_model_data":27},"model":"modelengine:rocky/leftarm"},{"predicate":{"custom_model_data":28},"model":"modelengine:rocky/cryatla1"},{"predicate":{"custom_model_data":29},"model":"modelengine:rocky/jaw"},{"predicate":{"custom_model_data":30},"model":"modelengine:rocky/lowerrightarm"},{"predicate":{"custom_model_data":31},"model":"modelengine:rocky/crystal2"},{"predicate":{"custom_model_data":32},"model":"modelengine:rocky/lowerleftarm"},{"predicate":{"custom_model_data":33},"model":"modelengine:rocky/cystal3"},{"predicate":{"custom_model_data":34},"model":"modelengine:wraith/body"},{"predicate":{"custom_model_data":35},"model":"modelengine:wraith/head"},{"predicate":{"custom_model_data":36},"model":"modelengine:wraith/ribcage"},{"predicate":{"custom_model_data":37},"model":"modelengine:wraith/right_arm"},{"predicate":{"custom_model_data":38},"model":"modelengine:wraith/left_arm"},{"predicate":{"custom_model_data":39},"model":"modelengine:wraith/cape"},{"predicate":{"custom_model_data":40},"model":"modelengine:wraith/sword"},{"predicate":{"custom_model_data":41},"model":"modelengine:wraith/hand"},{"predicate":{"custom_model_data":42},"model":"modelengine:bs_vm_armadillo/bs_vm_armadillo"},{"predicate":{"custom_model_data":43},"model":"modelengine:bs_vm_armadillo/left_back"},{"predicate":{"custom_model_data":44},"model":"modelengine:bs_vm_armadillo/torso"},{"predicate":{"custom_model_data":45},"model":"modelengine:bs_vm_armadillo/tail"},{"predicate":{"custom_model_data":46},"model":"modelengine:bs_vm_armadillo/right_back"},{"predicate":{"custom_model_data":47},"model":"modelengine:bs_vm_armadillo/head"},{"predicate":{"custom_model_data":48},"model":"modelengine:bs_vm_armadillo/left_front"},{"predicate":{"custom_model_data":49},"model":"modelengine:bs_vm_armadillo/right_front"},{"predicate":{"custom_model_data":50},"model":"modelengine:bs_vm_crab/bs_vm_crab"},{"predicate":{"custom_model_data":51},"model":"modelengine:bs_vm_crab/little_claw"},{"predicate":{"custom_model_data":52},"model":"modelengine:bs_vm_crab/big_claw"},{"predicate":{"custom_model_data":53},"model":"modelengine:bs_vm_crab/left_leg"},{"predicate":{"custom_model_data":54},"model":"modelengine:bs_vm_crab/right_leg"},{"predicate":{"custom_model_data":55},"model":"modelengine:bs_vm_crab/top"},{"predicate":{"custom_model_data":56},"model":"modelengine:bs_vm_penguin/bs_vm_penguin"},{"predicate":{"custom_model_data":57},"model":"modelengine:bs_vm_penguin/head"},{"predicate":{"custom_model_data":58},"model":"modelengine:bs_vm_penguin/right_foot"},{"predicate":{"custom_model_data":59},"model":"modelengine:bs_vm_penguin/right_wing"},{"predicate":{"custom_model_data":60},"model":"modelengine:bs_vm_penguin/left_wing"},{"predicate":{"custom_model_data":61},"model":"modelengine:bs_vm_penguin/left_foot"},{"predicate":{"custom_model_data":62},"model":"modelengine:kindletronsr/kindletronsr"},{"predicate":{"custom_model_data":63},"model":"modelengine:kindletronsr/head"},{"predicate":{"custom_model_data":64},"model":"modelengine:kindletronsr/rightleg"},{"predicate":{"custom_model_data":65},"model":"modelengine:kindletronsr/rightarm"},{"predicate":{"custom_model_data":66},"model":"modelengine:kindletronsr/leftleg"},{"predicate":{"custom_model_data":67},"model":"modelengine:kindletronsr/leftarm"},{"predicate":{"custom_model_data":68},"model":"modelengine:kindletronsr/rightfoot"},{"predicate":{"custom_model_data":69},"model":"modelengine:kindletronsr/righthand"},{"predicate":{"custom_model_data":70},"model":"modelengine:kindletronsr/leftfoot"},{"predicate":{"custom_model_data":71},"model":"modelengine:kindletronsr/lefthand"},{"predicate":{"custom_model_data":72},"model":"modelengine:kindletron2/pelvis"},{"predicate":{"custom_model_data":73},"model":"modelengine:kindletron2/left_leg"},{"predicate":{"custom_model_data":74},"model":"modelengine:kindletron2/right_leg"},{"predicate":{"custom_model_data":75},"model":"modelengine:kindletron2/torso"},{"predicate":{"custom_model_data":76},"model":"modelengine:kindletron2/left_foot"},{"predicate":{"custom_model_data":77},"model":"modelengine:kindletron2/right_foot"},{"predicate":{"custom_model_data":78},"model":"modelengine:kindletron2/head"},{"predicate":{"custom_model_data":79},"model":"modelengine:kindletron2/right_arm"},{"predicate":{"custom_model_data":80},"model":"modelengine:kindletron2/left_arm"},{"predicate":{"custom_model_data":81},"model":"modelengine:kindletron2/right_forearm"},{"predicate":{"custom_model_data":82},"model":"modelengine:kindletron2/left_forearm"},{"predicate":{"custom_model_data":83},"model":"modelengine:kindletron2/blade"},{"predicate":{"custom_model_data":84},"model":"modelengine:kindletron2/left_hand"},{"predicate":{"custom_model_data":85},"model":"modelengine:kindletron2/finger_2"},{"predicate":{"custom_model_data":86},"model":"modelengine:kindletron2/finger_1"},{"predicate":{"custom_model_data":87},"model":"modelengine:kindletron2_damaged/torso_damage_1"},{"predicate":{"custom_model_data":88},"model":"modelengine:kindletron2_damaged/torso_damage_3"},{"predicate":{"custom_model_data":89},"model":"modelengine:kindletron2_damaged/torso_damage_2"},{"predicate":{"custom_model_data":90},"model":"modelengine:kindletron2_damaged/torso_glide"},{"predicate":{"custom_model_data":91},"model":"modelengine:kindletron2_damaged/right_arm_damage_1"}],"parent":"minecraft:item/generated","textures":{"layer0":"minecraft:item/leather_horse_armor"}}