{
	"credit": "Made with Blockbench",
	"textures": {
		"0": "block/color/graymetal_darker",
		"1": "block/color/brown_wood",
		"2": "block/color/gold_one",
		"3": "block/color/darkergray_two",
		"4": "block/color/graymetal_dark",
		"particle": "block/color/graymetal_darker"
	},
	"elements": [
		{
			"name": "handle",
			"from": [6.9, 0, 10],
			"to": [9.1, 4, 12],
			"rotation": {"angle": -22.5, "axis": "x", "origin": [8, 8, 8]},
			"faces": {
				"north": {"uv": [2, 0, 3, 1], "texture": "#1"},
				"east": {"uv": [2, 0, 3, 1], "texture": "#1"},
				"south": {"uv": [2, 0, 3, 1], "texture": "#1"},
				"west": {"uv": [2, 0, 3, 1], "texture": "#1"},
				"up": {"uv": [2, 0, 3, 1], "texture": "#1"},
				"down": {"uv": [2, 0, 3, 1], "texture": "#1"}
			}
		},
		{
			"name": "Cube",
			"from": [7.25, 7.5, 6],
			"to": [7.5, 7.75, 6.5],
			"faces": {
				"north": {"uv": [9, 15, 10, 16], "texture": "#4"},
				"east": {"uv": [9, 15, 10, 16], "texture": "#4"},
				"south": {"uv": [9, 15, 10, 16], "texture": "#4"},
				"west": {"uv": [9, 15, 10, 16], "texture": "#4"},
				"up": {"uv": [9, 15, 10, 16], "texture": "#4"},
				"down": {"uv": [9, 15, 10, 16], "texture": "#4"}
			}
		},
		{
			"name": "Cube",
			"from": [7.25, 7.5, 8.5],
			"to": [7.5, 7.75, 9],
			"faces": {
				"north": {"uv": [9, 15, 10, 16], "texture": "#4"},
				"east": {"uv": [9, 15, 10, 16], "texture": "#4"},
				"south": {"uv": [9, 15, 10, 16], "texture": "#4"},
				"west": {"uv": [9, 15, 10, 16], "texture": "#4"},
				"up": {"uv": [9, 15, 10, 16], "texture": "#4"},
				"down": {"uv": [9, 15, 10, 16], "texture": "#4"}
			}
		},
		{
			"name": "Cube",
			"from": [7.5, 6.75, 6],
			"to": [8.75, 8, 9],
			"faces": {
				"north": {"uv": [9, 15, 10, 16], "texture": "#4"},
				"east": {"uv": [9, 15, 10, 16], "texture": "#4"},
				"south": {"uv": [9, 15, 10, 16], "texture": "#4"},
				"west": {"uv": [9, 15, 10, 16], "texture": "#4"},
				"up": {"uv": [9, 15, 10, 16], "texture": "#4"},
				"down": {"uv": [9, 15, 10, 16], "texture": "#4"}
			}
		},
		{
			"name": "Cube",
			"from": [7.25, 7, 6],
			"to": [7.5, 7.5, 9],
			"faces": {
				"north": {"uv": [9, 15, 10, 16], "texture": "#4"},
				"east": {"uv": [9, 15, 10, 16], "texture": "#4"},
				"south": {"uv": [9, 15, 10, 16], "texture": "#4"},
				"west": {"uv": [9, 15, 10, 16], "texture": "#4"},
				"up": {"uv": [9, 15, 10, 16], "texture": "#4"},
				"down": {"uv": [9, 15, 10, 16], "texture": "#4"}
			}
		},
		{
			"name": "Cube",
			"from": [7, 6, 6],
			"to": [9, 7, 10],
			"faces": {
				"north": {"uv": [10, 15, 11, 16], "texture": "#4"},
				"east": {"uv": [10, 15, 11, 16], "texture": "#4"},
				"south": {"uv": [10, 15, 11, 16], "texture": "#4"},
				"west": {"uv": [10, 15, 11, 16], "texture": "#4"},
				"up": {"uv": [10, 15, 11, 16], "texture": "#4"},
				"down": {"uv": [10, 15, 11, 16], "texture": "#4"}
			}
		},
		{
			"name": "topbitsh",
			"from": [7.25, 7, 9],
			"to": [8.75, 8, 13],
			"faces": {
				"north": {"uv": [9, 15, 10, 16], "texture": "#4"},
				"east": {"uv": [9, 15, 10, 16], "texture": "#4"},
				"south": {"uv": [9, 15, 10, 16], "texture": "#4"},
				"west": {"uv": [9, 15, 10, 16], "texture": "#4"},
				"up": {"uv": [9, 15, 10, 16], "texture": "#4"},
				"down": {"uv": [9, 15, 10, 16], "texture": "#4"}
			}
		},
		{
			"name": "back",
			"from": [7, 5, 10],
			"to": [9, 7, 13],
			"faces": {
				"north": {"uv": [10, 15, 11, 16], "texture": "#4"},
				"east": {"uv": [10, 15, 11, 16], "texture": "#4"},
				"south": {"uv": [10, 15, 11, 16], "texture": "#4"},
				"west": {"uv": [10, 15, 11, 16], "texture": "#4"},
				"up": {"uv": [10, 15, 11, 16], "texture": "#4"},
				"down": {"uv": [10, 15, 11, 16], "texture": "#4"}
			}
		},
		{
			"name": "back",
			"from": [7, 5, 9],
			"to": [8.75, 6, 9.75],
			"faces": {
				"north": {"uv": [10, 15, 11, 16], "texture": "#4"},
				"east": {"uv": [10, 15, 11, 16], "texture": "#4"},
				"south": {"uv": [10, 15, 11, 16], "texture": "#4"},
				"west": {"uv": [10, 15, 11, 16], "texture": "#4"},
				"up": {"uv": [10, 15, 11, 16], "texture": "#4"},
				"down": {"uv": [10, 15, 11, 16], "texture": "#4"}
			}
		},
		{
			"name": "magstuff",
			"from": [7.25, 3.75, 6],
			"to": [8.75, 6, 9],
			"faces": {
				"north": {"uv": [10, 15, 11, 16], "texture": "#3"},
				"east": {"uv": [10, 15, 11, 16], "texture": "#3"},
				"south": {"uv": [10, 15, 11, 16], "texture": "#3"},
				"west": {"uv": [10, 15, 11, 16], "texture": "#3"},
				"up": {"uv": [10, 15, 11, 16], "texture": "#3"},
				"down": {"uv": [10, 15, 11, 16], "texture": "#3"}
			}
		},
		{
			"name": "Cube",
			"from": [7.75, 8, 9.5],
			"to": [8.25, 8.15, 12],
			"faces": {
				"north": {"uv": [9, 15, 10, 16], "texture": "#3"},
				"east": {"uv": [9, 15, 10, 16], "texture": "#3"},
				"south": {"uv": [9, 15, 10, 16], "texture": "#3"},
				"west": {"uv": [9, 15, 10, 16], "texture": "#3"},
				"up": {"uv": [9, 15, 10, 16], "texture": "#3"},
				"down": {"uv": [9, 15, 10, 16], "texture": "#3"}
			}
		},
		{
			"name": "Cube",
			"from": [7.75, 8, 9],
			"to": [8.25, 8.25, 9.5],
			"faces": {
				"north": {"uv": [9, 15, 10, 16], "texture": "#3"},
				"east": {"uv": [9, 15, 10, 16], "texture": "#3"},
				"south": {"uv": [9, 15, 10, 16], "texture": "#3"},
				"west": {"uv": [9, 15, 10, 16], "texture": "#3"},
				"up": {"uv": [9, 15, 10, 16], "texture": "#3"},
				"down": {"uv": [9, 15, 10, 16], "texture": "#3"}
			}
		},
		{
			"name": "Hammer",
			"from": [7.5, 8.6, 12.9],
			"to": [8.5, 10.6, 13.4],
			"rotation": {"angle": 22.5, "axis": "x", "origin": [8, 9, 8]},
			"faces": {
				"north": {"uv": [11, 15, 12, 16], "texture": "#2"},
				"east": {"uv": [11, 15, 12, 16], "texture": "#2"},
				"south": {"uv": [11, 15, 12, 16], "texture": "#2"},
				"west": {"uv": [11, 15, 12, 16], "texture": "#2"},
				"up": {"uv": [11, 15, 12, 16], "texture": "#2"},
				"down": {"uv": [11, 15, 12, 16], "texture": "#2"}
			}
		},
		{
			"name": "muzzlke",
			"from": [7.5, 7.05, -4],
			"to": [8.5, 7.55, 6],
			"faces": {
				"north": {"uv": [9, 15, 10, 16], "texture": "#0"},
				"east": {"uv": [9, 15, 10, 16], "texture": "#0"},
				"south": {"uv": [9, 15, 10, 16], "texture": "#0"},
				"west": {"uv": [9, 15, 10, 16], "texture": "#0"},
				"up": {"uv": [9, 15, 10, 16], "texture": "#0"},
				"down": {"uv": [9, 15, 10, 16], "texture": "#0"}
			}
		},
		{
			"name": "muzzlke",
			"from": [7.3, 7.5, -4],
			"to": [8.3, 8, 6],
			"rotation": {"angle": 45, "axis": "z", "origin": [8.5, 7.75, 8]},
			"faces": {
				"north": {"uv": [9, 15, 10, 16], "rotation": 90, "texture": "#0"},
				"east": {"uv": [9, 15, 10, 16], "rotation": 90, "texture": "#0"},
				"south": {"uv": [9, 15, 10, 16], "rotation": 90, "texture": "#0"},
				"west": {"uv": [9, 15, 10, 16], "rotation": 90, "texture": "#0"},
				"up": {"uv": [9, 15, 10, 16], "rotation": 90, "texture": "#0"},
				"down": {"uv": [9, 15, 10, 16], "rotation": 90, "texture": "#0"}
			}
		},
		{
			"name": "muzzlke",
			"from": [7.25, 6.55, -4],
			"to": [7.75, 7.55, 6],
			"rotation": {"angle": 45, "axis": "z", "origin": [7.5, 7.75, 8]},
			"faces": {
				"north": {"uv": [9, 15, 10, 16], "texture": "#0"},
				"east": {"uv": [9, 15, 10, 16], "texture": "#0"},
				"south": {"uv": [9, 15, 10, 16], "texture": "#0"},
				"west": {"uv": [9, 15, 10, 16], "texture": "#0"},
				"up": {"uv": [9, 15, 10, 16], "texture": "#0"},
				"down": {"uv": [9, 15, 10, 16], "texture": "#0"}
			}
		},
		{
			"name": "muzzlke",
			"from": [7.8, 6.75, -4],
			"to": [8.3, 7.75, 6],
			"faces": {
				"north": {"uv": [9, 15, 10, 16], "rotation": 90, "texture": "#0"},
				"east": {"uv": [9, 15, 10, 16], "rotation": 90, "texture": "#0"},
				"south": {"uv": [9, 15, 10, 16], "rotation": 90, "texture": "#0"},
				"west": {"uv": [9, 15, 10, 16], "rotation": 90, "texture": "#0"},
				"up": {"uv": [9, 15, 10, 16], "rotation": 90, "texture": "#0"},
				"down": {"uv": [9, 15, 10, 16], "rotation": 90, "texture": "#0"}
			}
		},
		{
			"name": "sight",
			"from": [7.8, 12.05, -4.5],
			"to": [8.3, 13.3, -4],
			"rotation": {"angle": -22.5, "axis": "x", "origin": [8, 12.25, 7.5]},
			"faces": {
				"north": {"uv": [9, 15, 10, 16], "texture": "#0"},
				"east": {"uv": [9, 15, 10, 16], "texture": "#0"},
				"south": {"uv": [9, 15, 10, 16], "texture": "#0"},
				"west": {"uv": [9, 15, 10, 16], "texture": "#0"},
				"up": {"uv": [9, 15, 10, 16], "texture": "#0"},
				"down": {"uv": [9, 15, 10, 16], "texture": "#0"}
			}
		},
		{
			"name": "sight",
			"from": [7.8, 7.8, -4],
			"to": [8.3, 8.3, -3.5],
			"faces": {
				"north": {"uv": [9, 15, 10, 16], "texture": "#0"},
				"east": {"uv": [9, 15, 10, 16], "texture": "#0"},
				"south": {"uv": [9, 15, 10, 16], "texture": "#0"},
				"west": {"uv": [9, 15, 10, 16], "texture": "#0"},
				"up": {"uv": [9, 15, 10, 16], "texture": "#0"},
				"down": {"uv": [9, 15, 10, 16], "texture": "#0"}
			}
		}
	],
	"display": {
		"thirdperson_righthand": {
			"translation": [0, 1.25, -1.5],
			"scale": [0.5, 0.5, 0.5]
		},
		"thirdperson_lefthand": {
			"translation": [-0.25, 1.25, -1.25],
			"scale": [0.5, 0.5, 0.5]
		},
		"firstperson_righthand": {
			"rotation": [0, -1, 0],
			"translation": [-9.07, 7.5, 3.25],
			"scale": [0.5, 0.5, 0.5]
		},
		"firstperson_lefthand": {
			"rotation": [0, -1, 0],
			"translation": [-4.5, 6.25, 4.25],
			"scale": [0.5, 0.5, 0.5]
		},
		"ground": {
			"rotation": [-35, 0, 0],
			"translation": [0, 3.75, 0],
			"scale": [0.5, 0.5, 0.5]
		},
		"gui": {
			"rotation": [-45, -127, -45],
			"translation": [-3.5, 2, 4.5],
			"scale": [1, 1, 0.8]
		},
		"head": {
			"translation": [0, 8.25, 0]
		},
		"fixed": {
			"rotation": [-97, 132, 99],
			"translation": [3.5, 0, -0.75]
		}
	},
	"groups": [
		0,
		{
			"name": "Reciever",
			"origin": [0, 0, 0],
			"color": 0,
			"children": [1, 2, 3, 4, 5, 6, 7, 8]
		},
		9,
		{
			"name": "Rear Sight",
			"origin": [0, 0, 0],
			"color": 0,
			"children": [10, 11]
		},
		12,
		{
			"name": "Barrel/Muzzle",
			"origin": [0, 0, 0],
			"color": 0,
			"children": [13, 14, 15, 16, 17, 18]
		}
	]
}