{"textures":{"0":"modelengine:entity/kindletron2"},"elements":[{"from":[7.5,3.5,6.5],"to":[10.5,9.5,9.5],"faces":{"east":{"uv":[8.5,11.5,8.6875,11.875],"tintindex":0,"rotation":0,"texture":"#0"},"south":{"uv":[11.5,8.625,11.6875,9.0],"tintindex":0,"rotation":0,"texture":"#0"},"north":{"uv":[8.3125,11.5,8.5,11.875],"tintindex":0,"rotation":0,"texture":"#0"},"west":{"uv":[11.5,9.5,11.6875,9.875],"tintindex":0,"rotation":0,"texture":"#0"},"up":{"uv":[4.875,11.75,4.6875,11.5625],"tintindex":0,"rotation":0,"texture":"#0"},"down":{"uv":[5.0625,11.5625,4.875,11.75],"tintindex":0,"rotation":0,"texture":"#0"}}},{"from":[7.5,1.5,7.0],"to":[17.5,4.5,9.0],"faces":{"east":{"uv":[10.75,4.6875,10.875,4.875],"tintindex":0,"rotation":0,"texture":"#0"},"south":{"uv":[11.125,3.5625,11.75,3.75],"tintindex":0,"rotation":0,"texture":"#0"},"north":{"uv":[11.0,6.9375,11.625,7.125],"tintindex":0,"rotation":0,"texture":"#0"},"west":{"uv":[10.875,5.4375,11.0,5.625],"tintindex":0,"rotation":0,"texture":"#0"},"up":{"uv":[9.9375,5.0,9.3125,4.875],"tintindex":0,"rotation":0,"texture":"#0"},"down":{"uv":[12.0,1.6875,11.375,1.8125],"tintindex":0,"rotation":0,"texture":"#0"}},"rotation":{"origin":[10.0,3.0,8.0],"angle":-22.5,"axis":"z"}}]}