{"textures":{"0":"modelengine:entity/kindletron2"},"elements":[{"from":[7.5,3.5,6.5],"to":[10.5,9.5,9.5],"faces":{"east":{"uv":[11.5,7.5,11.6875,7.875],"tintindex":0,"rotation":0,"texture":"#0"},"south":{"uv":[11.5,7.875,11.6875,8.25],"tintindex":0,"rotation":0,"texture":"#0"},"north":{"uv":[11.5,7.125,11.6875,7.5],"tintindex":0,"rotation":0,"texture":"#0"},"west":{"uv":[11.5,8.25,11.6875,8.625],"tintindex":0,"rotation":0,"texture":"#0"},"up":{"uv":[4.5,11.75,4.3125,11.5625],"tintindex":0,"rotation":0,"texture":"#0"},"down":{"uv":[4.6875,11.5625,4.5,11.75],"tintindex":0,"rotation":0,"texture":"#0"}}},{"from":[7.5,1.5,7.0],"to":[17.5,4.5,9.0],"faces":{"east":{"uv":[9.0,2.0625,9.125,2.25],"tintindex":0,"rotation":0,"texture":"#0"},"south":{"uv":[3.0,7.75,3.625,7.9375],"tintindex":0,"rotation":0,"texture":"#0"},"north":{"uv":[1.5,5.5,2.125,5.6875],"tintindex":0,"rotation":0,"texture":"#0"},"west":{"uv":[10.375,2.4375,10.5,2.625],"tintindex":0,"rotation":0,"texture":"#0"},"up":{"uv":[8.5625,4.4375,7.9375,4.3125],"tintindex":0,"rotation":0,"texture":"#0"},"down":{"uv":[9.5,3.875,8.875,4.0],"tintindex":0,"rotation":0,"texture":"#0"}},"rotation":{"origin":[10.0,3.0,8.0],"angle":-22.5,"axis":"z"}}]}