{"textures":{"0":"modelengine:entity/kindletron2"},"elements":[{"from":[-5.0,9.0,-7.0],"to":[20.0,14.0,3.0],"faces":{"east":{"uv":[10.5,3.5625,11.125,3.875],"tintindex":0,"rotation":0,"texture":"#0"},"south":{"uv":[7.9375,4.0,9.5,4.3125],"tintindex":0,"rotation":0,"texture":"#0"},"north":{"uv":[7.875,0.625,9.4375,0.9375],"tintindex":0,"rotation":0,"texture":"#0"},"west":{"uv":[10.625,5.125,11.25,5.4375],"tintindex":0,"rotation":0,"texture":"#0"},"up":{"uv":[8.3125,1.625,6.75,1.0],"tintindex":0,"rotation":0,"texture":"#0"},"down":{"uv":[7.125,7.5,5.5625,8.125],"tintindex":0,"rotation":0,"texture":"#0"}}},{"from":[-1.0,8.0,-11.0],"to":[5.0,15.0,-10.0],"faces":{"east":{"uv":[5.0,6.5625,5.0625,7.0],"tintindex":0,"rotation":0,"texture":"#0"},"south":{"uv":[10.875,1.9375,11.25,2.375],"tintindex":0,"rotation":0,"texture":"#0"},"north":{"uv":[8.0625,10.8125,8.4375,11.25],"tintindex":0,"rotation":0,"texture":"#0"},"west":{"uv":[6.875,5.375,6.9375,5.8125],"tintindex":0,"rotation":0,"texture":"#0"},"up":{"uv":[5.9375,7.5,5.5625,7.4375],"tintindex":0,"rotation":0,"texture":"#0"},"down":{"uv":[6.3125,7.4375,5.9375,7.5],"tintindex":0,"rotation":0,"texture":"#0"}}},{"from":[-2.0,7.0,-10.0],"to":[6.0,16.0,0.0],"faces":{"east":{"uv":[7.9375,6.9375,8.5625,7.5],"tintindex":0,"rotation":0,"texture":"#0"},"south":{"uv":[10.0,3.1875,10.5,3.75],"tintindex":0,"rotation":0,"texture":"#0"},"north":{"uv":[10.0,2.625,10.5,3.1875],"tintindex":0,"rotation":0,"texture":"#0"},"west":{"uv":[0.5625,9.25,1.1875,9.8125],"tintindex":0,"rotation":0,"texture":"#0"},"up":{"uv":[10.375,9.0,9.875,8.375],"tintindex":0,"rotation":0,"texture":"#0"},"down":{"uv":[9.5,9.875,9.0,10.5],"tintindex":0,"rotation":0,"texture":"#0"}}},{"from":[5.0,5.0,-6.0],"to":[11.0,12.0,8.0],"faces":{"east":{"uv":[9.0625,7.375,9.9375,7.8125],"tintindex":0,"rotation":0,"texture":"#0"},"south":{"uv":[10.875,2.8125,11.25,3.25],"tintindex":0,"rotation":0,"texture":"#0"},"north":{"uv":[10.875,2.375,11.25,2.8125],"tintindex":0,"rotation":0,"texture":"#0"},"west":{"uv":[9.125,2.625,10.0,3.0625],"tintindex":0,"rotation":0,"texture":"#0"},"up":{"uv":[7.9375,10.375,7.5625,9.5],"tintindex":0,"rotation":0,"texture":"#0"},"down":{"uv":[2.25,9.6875,1.875,10.5625],"tintindex":0,"rotation":0,"texture":"#0"}}}]}