{"textures":{"0":"modelengine:entity/kindletron2"},"elements":[{"from":[6.0,-9.5,5.5],"to":[10.0,-6.5,10.5],"faces":{"east":{"uv":[2.125,5.5,2.4375,5.6875],"tintindex":0,"rotation":0,"texture":"#0"},"south":{"uv":[10.625,5.4375,10.875,5.625],"tintindex":0,"rotation":0,"texture":"#0"},"north":{"uv":[6.9375,9.3125,7.1875,9.5],"tintindex":0,"rotation":0,"texture":"#0"},"west":{"uv":[8.4375,9.0,8.75,9.1875],"tintindex":0,"rotation":0,"texture":"#0"},"up":{"uv":[11.75,4.0625,11.5,3.75],"tintindex":0,"rotation":0,"texture":"#0"},"down":{"uv":[5.5625,11.5,5.3125,11.8125],"tintindex":0,"rotation":0,"texture":"#0"}}},{"from":[5.0,-6.5,3.5],"to":[11.0,7.5,12.5],"faces":{"east":{"uv":[0.5625,8.0,1.125,8.875],"tintindex":0,"rotation":0,"texture":"#0"},"south":{"uv":[9.6875,9.1875,10.0625,10.0625],"tintindex":0,"rotation":0,"texture":"#0"},"north":{"uv":[10.0625,9.1875,9.6875,10.0625],"tintindex":0,"rotation":0,"texture":"#0"},"west":{"uv":[5.5625,8.125,6.125,9.0],"tintindex":0,"rotation":0,"texture":"#0"},"up":{"uv":[3.25,11.3125,2.875,10.75],"tintindex":0,"rotation":0,"texture":"#0"},"down":{"uv":[4.0625,10.75,3.6875,11.3125],"tintindex":0,"rotation":0,"texture":"#0"}}}]}