{"textures":{"0":"modelengine:entity/kindletron2"},"elements":[{"from":[4.5,-9.0,4.0],"to":[10.5,-3.0,13.0],"faces":{"east":{"uv":[11.0,5.625,10.4375,6.0],"tintindex":0,"rotation":0,"texture":"#0"},"south":{"uv":[10.75,10.875,10.375,11.25],"tintindex":0,"rotation":0,"texture":"#0"},"north":{"uv":[11.25,10.3125,10.875,10.6875],"tintindex":0,"rotation":0,"texture":"#0"},"west":{"uv":[11.0,0.25,10.4375,0.625],"tintindex":0,"rotation":0,"texture":"#0"},"up":{"uv":[10.5,10.875,10.875,10.3125],"tintindex":0,"rotation":0,"texture":"#0"},"down":{"uv":[1.625,10.5625,2.0,11.125],"tintindex":0,"rotation":0,"texture":"#0"}}},{"from":[4.5,-1.0,8.0],"to":[10.5,8.0,17.0],"faces":{"east":{"uv":[1.125,9.8125,0.5625,10.375],"tintindex":0,"rotation":0,"texture":"#0"},"south":{"uv":[10.875,2.4375,10.5,3.0],"tintindex":0,"rotation":0,"texture":"#0"},"north":{"uv":[10.75,8.375,10.375,8.9375],"tintindex":0,"rotation":0,"texture":"#0"},"west":{"uv":[9.0,9.75,8.4375,10.3125],"tintindex":0,"rotation":0,"texture":"#0"},"up":{"uv":[10.5,3.5625,10.875,3.0],"tintindex":0,"rotation":0,"texture":"#0"},"down":{"uv":[9.0,10.5,9.375,11.0625],"tintindex":0,"rotation":0,"texture":"#0"}}},{"from":[5.5,-7.0,8.0],"to":[9.5,-1.0,14.0],"faces":{"east":{"uv":[10.375,10.875,10.0,11.25],"tintindex":0,"rotation":0,"texture":"#0"},"south":{"uv":[11.5,5.4375,11.25,5.8125],"tintindex":0,"rotation":0,"texture":"#0"},"north":{"uv":[1.1875,11.25,0.9375,11.625],"tintindex":0,"rotation":0,"texture":"#0"},"west":{"uv":[10.0,10.875,9.625,11.25],"tintindex":0,"rotation":0,"texture":"#0"},"up":{"uv":[11.25,6.1875,11.5,5.8125],"tintindex":0,"rotation":0,"texture":"#0"},"down":{"uv":[11.25,6.1875,11.5,6.5625],"tintindex":0,"rotation":0,"texture":"#0"}}},{"from":[6.0,-13.0,4.0],"to":[9.0,-9.0,8.0],"faces":{"east":{"uv":[10.375,11.5,10.125,11.75],"tintindex":0,"rotation":0,"texture":"#0"},"south":{"uv":[8.75,7.8125,8.5625,8.0625],"tintindex":0,"rotation":0,"texture":"#0"},"north":{"uv":[8.75,6.0,8.5625,6.25],"tintindex":0,"rotation":0,"texture":"#0"},"west":{"uv":[10.125,11.5,9.875,11.75],"tintindex":0,"rotation":0,"texture":"#0"},"up":{"uv":[5.9375,9.25,6.125,9.0],"tintindex":0,"rotation":0,"texture":"#0"},"down":{"uv":[4.3125,10.125,4.5,10.375],"tintindex":0,"rotation":0,"texture":"#0"}}}]}