{"textures":{"0":"modelengine:entity/kindletron2"},"elements":[{"from":[3.0,-8.75,4.0],"to":[7.0,-0.75,12.0],"faces":{"east":{"uv":[10.125,6.625,10.625,7.125],"tintindex":0,"rotation":0,"texture":"#0"},"south":{"uv":[11.125,1.3125,11.375,1.8125],"tintindex":0,"rotation":0,"texture":"#0"},"north":{"uv":[9.1875,11.0625,9.4375,11.5625],"tintindex":0,"rotation":0,"texture":"#0"},"west":{"uv":[8.0625,10.3125,8.5625,10.8125],"tintindex":0,"rotation":0,"texture":"#0"},"up":{"uv":[1.875,11.625,1.625,11.125],"tintindex":0,"rotation":0,"texture":"#0"},"down":{"uv":[2.125,11.125,1.875,11.625],"tintindex":0,"rotation":0,"texture":"#0"}},"rotation":{"origin":[5.0,-4.0,8.0],"angle":-45.0,"axis":"x"}},{"from":[2.0,-3.0,4.0],"to":[8.0,11.0,13.0],"faces":{"east":{"uv":[5.0,7.875,5.5625,8.75],"tintindex":0,"rotation":0,"texture":"#0"},"south":{"uv":[5.9375,9.6875,6.3125,10.5625],"tintindex":0,"rotation":0,"texture":"#0"},"north":{"uv":[2.25,9.6875,2.625,10.5625],"tintindex":0,"rotation":0,"texture":"#0"},"west":{"uv":[0.0,8.0,0.5625,8.875],"tintindex":0,"rotation":0,"texture":"#0"},"up":{"uv":[11.0,7.125,10.625,6.5625],"tintindex":0,"rotation":0,"texture":"#0"},"down":{"uv":[11.125,1.375,10.75,1.9375],"tintindex":0,"rotation":0,"texture":"#0"}}}]}