{"textures":{"0":"modelengine:entity/kindletron2"},"elements":[{"from":[6.0,2.0,3.25],"to":[10.0,9.0,12.25],"faces":{"east":{"uv":[10.3125,4.25,10.875,4.6875],"tintindex":0,"rotation":0,"texture":"#0"},"south":{"uv":[5.5625,11.1875,5.8125,11.625],"tintindex":0,"rotation":0,"texture":"#0"},"north":{"uv":[7.625,11.125,7.875,11.5625],"tintindex":0,"rotation":0,"texture":"#0"},"west":{"uv":[10.375,0.9375,10.9375,1.375],"tintindex":0,"rotation":0,"texture":"#0"},"up":{"uv":[11.1875,8.25,10.9375,7.6875],"tintindex":0,"rotation":0,"texture":"#0"},"down":{"uv":[11.1875,8.9375,10.9375,9.5],"tintindex":0,"rotation":0,"texture":"#0"}}},{"from":[5.0,2.0,3.25],"to":[6.0,6.0,12.25],"faces":{"east":{"uv":[10.9375,9.5,11.5,9.75],"tintindex":0,"rotation":0,"texture":"#0"},"south":{"uv":[3.5625,6.375,3.625,6.625],"tintindex":0,"rotation":0,"texture":"#0"},"north":{"uv":[3.875,5.1875,3.9375,5.4375],"tintindex":0,"rotation":0,"texture":"#0"},"west":{"uv":[10.9375,9.75,11.5,10.0],"tintindex":0,"rotation":0,"texture":"#0"},"up":{"uv":[5.0625,6.0,5.0,5.4375],"tintindex":0,"rotation":0,"texture":"#0"},"down":{"uv":[5.0625,6.0,5.0,6.5625],"tintindex":0,"rotation":0,"texture":"#0"}}}]}