{"textures":{"0":"modelengine:entity/kindletron2"},"elements":[{"from":[-2.0,2.0,-3.0],"to":[8.0,13.0,15.0],"faces":{"east":{"uv":[7.5625,4.4375,8.6875,5.125],"tintindex":0,"rotation":0,"texture":"#0"},"south":{"uv":[8.6875,4.3125,9.3125,5.0],"tintindex":0,"rotation":0,"texture":"#0"},"north":{"uv":[8.3125,0.9375,8.9375,1.625],"tintindex":0,"rotation":0,"texture":"#0"},"west":{"uv":[1.875,7.75,3.0,8.4375],"tintindex":0,"rotation":0,"texture":"#0"},"up":{"uv":[4.3125,9.0625,3.6875,7.9375],"tintindex":0,"rotation":0,"texture":"#0"},"down":{"uv":[8.5625,5.125,7.9375,6.25],"tintindex":0,"rotation":0,"texture":"#0"}},"rotation":{"origin":[21.5,5.0,7.0],"angle":-22.5,"axis":"x"}},{"from":[-1.0,10.0,-6.0],"to":[7.0,14.0,1.0],"faces":{"east":{"uv":[10.125,7.125,10.5625,7.375],"tintindex":0,"rotation":0,"texture":"#0"},"south":{"uv":[11.0,0.25,11.5,0.5],"tintindex":0,"rotation":0,"texture":"#0"},"north":{"uv":[10.75,10.9375,11.25,11.1875],"tintindex":0,"rotation":0,"texture":"#0"},"west":{"uv":[11.125,4.875,11.5625,5.125],"tintindex":0,"rotation":0,"texture":"#0"},"up":{"uv":[10.875,2.4375,10.375,2.0],"tintindex":0,"rotation":0,"texture":"#0"},"down":{"uv":[7.8125,10.375,7.3125,10.8125],"tintindex":0,"rotation":0,"texture":"#0"}},"rotation":{"origin":[21.5,5.0,7.0],"angle":-22.5,"axis":"x"}}]}