{"textures":{"0":"modelengine:entity/kindletron2"},"elements":[{"from":[5.5,-10.3125,6.5],"to":[7.0,7.1875,9.5],"faces":{"east":{"uv":[4.625,7.625,5.0,9.8125],"tintindex":0,"rotation":0,"texture":"#0"},"south":{"uv":[5.75,9.0,5.9375,11.1875],"tintindex":0,"rotation":0,"texture":"#0"},"north":{"uv":[5.5625,9.0,5.75,11.1875],"tintindex":0,"rotation":0,"texture":"#0"},"west":{"uv":[1.5,7.75,1.875,9.9375],"tintindex":0,"rotation":0,"texture":"#0"},"up":{"uv":[11.6875,6.5625,11.5,6.1875],"tintindex":0,"rotation":0,"texture":"#0"},"down":{"uv":[11.6875,6.5625,11.5,6.9375],"tintindex":0,"rotation":0,"texture":"#0"}}},{"from":[5.0,-9.3125,7.0],"to":[11.0,-7.3125,9.0],"faces":{"east":{"uv":[10.375,11.5,10.625,11.75],"tintindex":0,"rotation":0,"texture":"#0"},"south":{"uv":[6.75,1.625,7.5,1.875],"tintindex":0,"rotation":0,"texture":"#0"},"north":{"uv":[2.8125,6.375,3.5625,6.625],"tintindex":0,"rotation":0,"texture":"#0"},"west":{"uv":[10.625,11.5,10.875,11.75],"tintindex":0,"rotation":0,"texture":"#0"},"up":{"uv":[11.375,10.3125,10.625,10.0625],"tintindex":0,"rotation":0,"texture":"#0"},"down":{"uv":[11.5,8.6875,10.75,8.9375],"tintindex":0,"rotation":0,"texture":"#0"}}},{"from":[6.5,3.1875,5.5],"to":[9.5,7.6875,10.5],"faces":{"east":{"uv":[9.4375,7.8125,10.0625,8.375],"tintindex":0,"rotation":0,"texture":"#0"},"south":{"uv":[10.625,6.0,11.0,6.5625],"tintindex":0,"rotation":0,"texture":"#0"},"north":{"uv":[10.5625,9.5,10.9375,10.0625],"tintindex":0,"rotation":0,"texture":"#0"},"west":{"uv":[6.9375,9.5,7.5625,10.0625],"tintindex":0,"rotation":0,"texture":"#0"},"up":{"uv":[4.0625,10.75,3.6875,10.125],"tintindex":0,"rotation":0,"texture":"#0"},"down":{"uv":[10.75,1.375,10.375,2.0],"tintindex":0,"rotation":0,"texture":"#0"}}},{"from":[9.0,-10.3125,6.5],"to":[10.5,7.1875,9.5],"faces":{"east":{"uv":[4.625,5.4375,5.0,7.625],"tintindex":0,"rotation":0,"texture":"#0"},"south":{"uv":[5.375,8.75,5.5625,10.9375],"tintindex":0,"rotation":0,"texture":"#0"},"north":{"uv":[4.3125,7.9375,4.5,10.125],"tintindex":0,"rotation":0,"texture":"#0"},"west":{"uv":[7.5625,2.25,7.9375,4.4375],"tintindex":0,"rotation":0,"texture":"#0"},"up":{"uv":[11.6875,5.8125,11.5,5.4375],"tintindex":0,"rotation":0,"texture":"#0"},"down":{"uv":[11.6875,5.8125,11.5,6.1875],"tintindex":0,"rotation":0,"texture":"#0"}}}]}