{"textures":{"0":"modelengine:entity/wraith"},"elements":[{"from":[-2.0,1.0999985,6.5],"to":[9.0,4.0999985,9.5],"faces":{"east":{"uv":[2.25,7.0,2.625,7.375],"tintindex":0,"rotation":0,"texture":"#0"},"south":{"uv":[5.375,5.25,6.75,5.625],"tintindex":0,"rotation":0,"texture":"#0"},"north":{"uv":[5.375,4.875,6.75,5.25],"tintindex":0,"rotation":0,"texture":"#0"},"west":{"uv":[7.0,5.625,7.375,6.0],"tintindex":0,"rotation":0,"texture":"#0"},"up":{"uv":[7.0,0.375,5.625,0.0],"tintindex":0,"rotation":0,"texture":"#0"},"down":{"uv":[7.0,0.375,5.625,0.75],"tintindex":0,"rotation":0,"texture":"#0"}}},{"from":[8.0,1.0999985,6.5],"to":[19.0,4.0999985,9.5],"faces":{"east":{"uv":[7.125,1.375,7.5,1.75],"tintindex":0,"rotation":0,"texture":"#0"},"south":{"uv":[5.625,1.125,7.0,1.5],"tintindex":0,"rotation":0,"texture":"#0"},"north":{"uv":[5.625,0.75,7.0,1.125],"tintindex":0,"rotation":0,"texture":"#0"},"west":{"uv":[4.25,7.125,4.625,7.5],"tintindex":0,"rotation":0,"texture":"#0"},"up":{"uv":[6.75,6.0,5.375,5.625],"tintindex":0,"rotation":0,"texture":"#0"},"down":{"uv":[7.125,1.5,5.75,1.875],"tintindex":0,"rotation":0,"texture":"#0"}}}]}