{"textures":{"0":"modelengine:entity/wraith"},"elements":[{"from":[3.0,-4.95,8.25],"to":[5.0,-4.45,8.75],"faces":{"east":{"uv":[8.375,2.0,8.5,2.125],"tintindex":0,"rotation":0,"texture":"#0"},"south":{"uv":[7.25,0.75,7.75,0.875],"tintindex":0,"rotation":0,"texture":"#0"},"north":{"uv":[6.875,6.5,7.375,6.625],"tintindex":0,"rotation":0,"texture":"#0"},"west":{"uv":[2.125,8.375,2.25,8.5],"tintindex":0,"rotation":0,"texture":"#0"},"up":{"uv":[7.875,6.0,7.375,5.875],"tintindex":0,"rotation":0,"texture":"#0"},"down":{"uv":[7.875,7.0,7.375,7.125],"tintindex":0,"rotation":0,"texture":"#0"}},"rotation":{"origin":[8.5,8.0,8.5],"angle":-22.5,"axis":"x"}},{"from":[5.5,-5.45,8.25],"to":[6.0,-4.45,8.75],"faces":{"east":{"uv":[8.125,5.75,8.25,6.0],"tintindex":0,"rotation":0,"texture":"#0"},"south":{"uv":[8.125,6.25,8.25,6.5],"tintindex":0,"rotation":0,"texture":"#0"},"north":{"uv":[8.125,5.5,8.25,5.75],"tintindex":0,"rotation":0,"texture":"#0"},"west":{"uv":[8.125,6.5,8.25,6.75],"tintindex":0,"rotation":0,"texture":"#0"},"up":{"uv":[8.5,2.0,8.375,1.875],"tintindex":0,"rotation":0,"texture":"#0"},"down":{"uv":[2.125,8.375,2.0,8.5],"tintindex":0,"rotation":0,"texture":"#0"}},"rotation":{"origin":[8.5,8.0,8.5],"angle":-22.5,"axis":"x"}},{"from":[4.5,-5.45,8.25],"to":[5.0,-4.95,8.75],"faces":{"east":{"uv":[7.75,0.75,7.875,0.875],"tintindex":0,"rotation":0,"texture":"#0"},"south":{"uv":[7.875,7.25,8.0,7.375],"tintindex":0,"rotation":0,"texture":"#0"},"north":{"uv":[7.625,7.375,7.75,7.5],"tintindex":0,"rotation":0,"texture":"#0"},"west":{"uv":[8.0,1.75,8.125,1.875],"tintindex":0,"rotation":0,"texture":"#0"},"up":{"uv":[1.875,8.375,1.75,8.25],"tintindex":0,"rotation":0,"texture":"#0"},"down":{"uv":[8.375,1.75,8.25,1.875],"tintindex":0,"rotation":0,"texture":"#0"}},"rotation":{"origin":[8.5,8.0,8.5],"angle":-22.5,"axis":"x"}},{"from":[3.0,-5.95,8.25],"to":[3.5,-5.45,8.75],"faces":{"east":{"uv":[5.875,8.25,6.0,8.375],"tintindex":0,"rotation":0,"texture":"#0"},"south":{"uv":[8.25,5.875,8.375,6.0],"tintindex":0,"rotation":0,"texture":"#0"},"north":{"uv":[8.25,5.75,8.375,5.875],"tintindex":0,"rotation":0,"texture":"#0"},"west":{"uv":[6.0,8.25,6.125,8.375],"tintindex":0,"rotation":0,"texture":"#0"},"up":{"uv":[8.375,6.375,8.25,6.25],"tintindex":0,"rotation":0,"texture":"#0"},"down":{"uv":[8.375,6.375,8.25,6.5],"tintindex":0,"rotation":0,"texture":"#0"}},"rotation":{"origin":[8.5,8.0,8.5],"angle":-22.5,"axis":"x"}},{"from":[11.5,-4.95,8.25],"to":[12.5,-4.45,8.75],"faces":{"east":{"uv":[8.25,8.125,8.375,8.25],"tintindex":0,"rotation":0,"texture":"#0"},"south":{"uv":[3.875,8.125,4.125,8.25],"tintindex":0,"rotation":0,"texture":"#0"},"north":{"uv":[8.125,3.75,8.375,3.875],"tintindex":0,"rotation":0,"texture":"#0"},"west":{"uv":[8.25,8.25,8.375,8.375],"tintindex":0,"rotation":0,"texture":"#0"},"up":{"uv":[8.375,4.0,8.125,3.875],"tintindex":0,"rotation":0,"texture":"#0"},"down":{"uv":[8.375,4.0,8.125,4.125],"tintindex":0,"rotation":0,"texture":"#0"}},"rotation":{"origin":[8.5,8.0,8.5],"angle":-22.5,"axis":"x"}},{"from":[3.0,-4.45,8.25],"to":[13.5,8.049999,8.75],"faces":{"east":{"uv":[1.875,5.375,2.0,8.5],"tintindex":0,"rotation":0,"texture":"#0"},"south":{"uv":[2.625,0.0,5.25,3.125],"tintindex":0,"rotation":0,"texture":"#0"},"north":{"uv":[0.0,0.0,2.625,3.125],"tintindex":0,"rotation":0,"texture":"#0"},"west":{"uv":[6.125,6.0,6.25,9.125],"tintindex":0,"rotation":0,"texture":"#0"},"up":{"uv":[8.875,6.125,6.25,6.0],"tintindex":0,"rotation":0,"texture":"#0"},"down":{"uv":[8.875,6.125,6.25,6.25],"tintindex":0,"rotation":0,"texture":"#0"}},"rotation":{"origin":[8.5,8.0,8.5],"angle":-22.5,"axis":"x"}},{"from":[8.0,-5.45,8.25],"to":[9.0,-4.95,8.75],"faces":{"east":{"uv":[2.375,8.25,2.5,8.375],"tintindex":0,"rotation":0,"texture":"#0"},"south":{"uv":[8.125,2.625,8.375,2.75],"tintindex":0,"rotation":0,"texture":"#0"},"north":{"uv":[8.125,2.5,8.375,2.625],"tintindex":0,"rotation":0,"texture":"#0"},"west":{"uv":[8.25,2.375,8.375,2.5],"tintindex":0,"rotation":0,"texture":"#0"},"up":{"uv":[8.375,2.875,8.125,2.75],"tintindex":0,"rotation":0,"texture":"#0"},"down":{"uv":[8.375,2.875,8.125,3.0],"tintindex":0,"rotation":0,"texture":"#0"}},"rotation":{"origin":[8.5,8.0,8.5],"angle":-22.5,"axis":"x"}},{"from":[10.0,-4.95,8.25],"to":[10.5,-4.45,8.75],"faces":{"east":{"uv":[8.25,6.625,8.375,6.75],"tintindex":0,"rotation":0,"texture":"#0"},"south":{"uv":[7.75,8.25,7.875,8.375],"tintindex":0,"rotation":0,"texture":"#0"},"north":{"uv":[8.25,6.5,8.375,6.625],"tintindex":0,"rotation":0,"texture":"#0"},"west":{"uv":[7.875,8.25,8.0,8.375],"tintindex":0,"rotation":0,"texture":"#0"},"up":{"uv":[8.125,8.375,8.0,8.25],"tintindex":0,"rotation":0,"texture":"#0"},"down":{"uv":[8.25,8.25,8.125,8.375],"tintindex":0,"rotation":0,"texture":"#0"}},"rotation":{"origin":[8.5,8.0,8.5],"angle":-22.5,"axis":"x"}},{"from":[6.0,-4.95,8.25],"to":[6.5,-4.45,8.75],"faces":{"east":{"uv":[1.25,8.375,1.375,8.5],"tintindex":0,"rotation":0,"texture":"#0"},"south":{"uv":[8.375,1.25,8.5,1.375],"tintindex":0,"rotation":0,"texture":"#0"},"north":{"uv":[8.375,1.125,8.5,1.25],"tintindex":0,"rotation":0,"texture":"#0"},"west":{"uv":[1.375,8.375,1.5,8.5],"tintindex":0,"rotation":0,"texture":"#0"},"up":{"uv":[1.625,8.5,1.5,8.375],"tintindex":0,"rotation":0,"texture":"#0"},"down":{"uv":[1.75,8.375,1.625,8.5],"tintindex":0,"rotation":0,"texture":"#0"}},"rotation":{"origin":[8.5,8.0,8.5],"angle":-22.5,"axis":"x"}},{"from":[8.5,-5.95,8.25],"to":[9.0,-5.45,8.75],"faces":{"east":{"uv":[3.875,8.25,4.0,8.375],"tintindex":0,"rotation":0,"texture":"#0"},"south":{"uv":[4.0,8.25,4.125,8.375],"tintindex":0,"rotation":0,"texture":"#0"},"north":{"uv":[2.5,8.25,2.625,8.375],"tintindex":0,"rotation":0,"texture":"#0"},"west":{"uv":[8.25,5.25,8.375,5.375],"tintindex":0,"rotation":0,"texture":"#0"},"up":{"uv":[8.375,5.5,8.25,5.375],"tintindex":0,"rotation":0,"texture":"#0"},"down":{"uv":[8.375,5.5,8.25,5.625],"tintindex":0,"rotation":0,"texture":"#0"}},"rotation":{"origin":[8.5,8.0,8.5],"angle":-22.5,"axis":"x"}},{"from":[12.5,-5.45,8.25],"to":[13.5,-4.45,8.75],"faces":{"east":{"uv":[5.25,2.875,5.375,3.125],"tintindex":0,"rotation":0,"texture":"#0"},"south":{"uv":[2.375,7.375,2.625,7.625],"tintindex":0,"rotation":0,"texture":"#0"},"north":{"uv":[3.25,6.25,3.5,6.5],"tintindex":0,"rotation":0,"texture":"#0"},"west":{"uv":[4.125,7.25,4.25,7.5],"tintindex":0,"rotation":0,"texture":"#0"},"up":{"uv":[8.375,3.625,8.125,3.5],"tintindex":0,"rotation":0,"texture":"#0"},"down":{"uv":[8.375,3.625,8.125,3.75],"tintindex":0,"rotation":0,"texture":"#0"}},"rotation":{"origin":[8.5,8.0,8.5],"angle":-22.5,"axis":"x"}},{"from":[7.5,-4.95,8.25],"to":[9.0,-4.45,8.75],"faces":{"east":{"uv":[1.75,8.375,1.875,8.5],"tintindex":0,"rotation":0,"texture":"#0"},"south":{"uv":[7.875,5.25,8.25,5.375],"tintindex":0,"rotation":0,"texture":"#0"},"north":{"uv":[7.125,1.75,7.5,1.875],"tintindex":0,"rotation":0,"texture":"#0"},"west":{"uv":[8.375,1.75,8.5,1.875],"tintindex":0,"rotation":0,"texture":"#0"},"up":{"uv":[5.75,8.0,5.375,7.875],"tintindex":0,"rotation":0,"texture":"#0"},"down":{"uv":[8.25,5.375,7.875,5.5],"tintindex":0,"rotation":0,"texture":"#0"}},"rotation":{"origin":[8.5,8.0,8.5],"angle":-22.5,"axis":"x"}},{"from":[13.0,-5.95,8.25],"to":[13.5,-5.45,8.75],"faces":{"east":{"uv":[2.0,8.25,2.125,8.375],"tintindex":0,"rotation":0,"texture":"#0"},"south":{"uv":[8.25,2.0,8.375,2.125],"tintindex":0,"rotation":0,"texture":"#0"},"north":{"uv":[8.25,1.875,8.375,2.0],"tintindex":0,"rotation":0,"texture":"#0"},"west":{"uv":[2.125,8.25,2.25,8.375],"tintindex":0,"rotation":0,"texture":"#0"},"up":{"uv":[8.375,2.25,8.25,2.125],"tintindex":0,"rotation":0,"texture":"#0"},"down":{"uv":[8.375,2.25,8.25,2.375],"tintindex":0,"rotation":0,"texture":"#0"}},"rotation":{"origin":[8.5,8.0,8.5],"angle":-22.5,"axis":"x"}},{"from":[3.0,-5.45,8.25],"to":[4.0,-4.95,8.75],"faces":{"east":{"uv":[8.25,5.625,8.375,5.75],"tintindex":0,"rotation":0,"texture":"#0"},"south":{"uv":[8.125,3.125,8.375,3.25],"tintindex":0,"rotation":0,"texture":"#0"},"north":{"uv":[8.125,3.0,8.375,3.125],"tintindex":0,"rotation":0,"texture":"#0"},"west":{"uv":[5.75,8.25,5.875,8.375],"tintindex":0,"rotation":0,"texture":"#0"},"up":{"uv":[8.375,3.375,8.125,3.25],"tintindex":0,"rotation":0,"texture":"#0"},"down":{"uv":[8.375,3.375,8.125,3.5],"tintindex":0,"rotation":0,"texture":"#0"}},"rotation":{"origin":[8.5,8.0,8.5],"angle":-22.5,"axis":"x"}}]}