{"textures":{"0":"modelengine:entity/wraith"},"elements":[{"from":[9.5,2.9999995,5.875],"to":[10.5,6.25,6.625],"faces":{"east":{"uv":[4.125,8.0,4.25,8.375],"tintindex":0,"rotation":0,"texture":"#0"},"south":{"uv":[4.25,8.0,4.375,8.375],"tintindex":0,"rotation":0,"texture":"#0"},"north":{"uv":[3.75,8.0,3.875,8.375],"tintindex":0,"rotation":0,"texture":"#0"},"west":{"uv":[4.375,8.0,4.5,8.375],"tintindex":0,"rotation":0,"texture":"#0"},"up":{"uv":[8.5,3.125,8.375,3.0],"tintindex":0,"rotation":0,"texture":"#0"},"down":{"uv":[3.25,8.375,3.125,8.5],"tintindex":0,"rotation":0,"texture":"#0"}},"rotation":{"origin":[8.0,8.0,10.0],"angle":-22.5,"axis":"z"}},{"from":[9.5,2.9999995,7.125],"to":[10.5,6.25,7.875],"faces":{"east":{"uv":[2.875,8.0,3.0,8.375],"tintindex":0,"rotation":0,"texture":"#0"},"south":{"uv":[3.0,8.0,3.125,8.375],"tintindex":0,"rotation":0,"texture":"#0"},"north":{"uv":[2.75,8.0,2.875,8.375],"tintindex":0,"rotation":0,"texture":"#0"},"west":{"uv":[3.125,8.0,3.25,8.375],"tintindex":0,"rotation":0,"texture":"#0"},"up":{"uv":[8.5,2.875,8.375,2.75],"tintindex":0,"rotation":0,"texture":"#0"},"down":{"uv":[3.0,8.375,2.875,8.5],"tintindex":0,"rotation":0,"texture":"#0"}},"rotation":{"origin":[8.0,8.0,10.0],"angle":-22.5,"axis":"z"}},{"from":[9.5,2.9999995,8.375],"to":[10.5,6.25,9.125],"faces":{"east":{"uv":[3.375,8.0,3.5,8.375],"tintindex":0,"rotation":0,"texture":"#0"},"south":{"uv":[3.5,8.0,3.625,8.375],"tintindex":0,"rotation":0,"texture":"#0"},"north":{"uv":[3.25,8.0,3.375,8.375],"tintindex":0,"rotation":0,"texture":"#0"},"west":{"uv":[3.625,8.0,3.75,8.375],"tintindex":0,"rotation":0,"texture":"#0"},"up":{"uv":[8.5,3.0,8.375,2.875],"tintindex":0,"rotation":0,"texture":"#0"},"down":{"uv":[3.125,8.375,3.0,8.5],"tintindex":0,"rotation":0,"texture":"#0"}},"rotation":{"origin":[8.0,8.0,10.0],"angle":-22.5,"axis":"z"}},{"from":[7.5,5.2499995,8.375],"to":[8.5,8.25,9.125],"faces":{"east":{"uv":[7.875,5.5,8.0,5.875],"tintindex":0,"rotation":0,"texture":"#0"},"south":{"uv":[5.75,7.875,5.875,8.25],"tintindex":0,"rotation":0,"texture":"#0"},"north":{"uv":[2.125,7.875,2.25,8.25],"tintindex":0,"rotation":0,"texture":"#0"},"west":{"uv":[5.875,7.875,6.0,8.25],"tintindex":0,"rotation":0,"texture":"#0"},"up":{"uv":[8.5,2.375,8.375,2.25],"tintindex":0,"rotation":0,"texture":"#0"},"down":{"uv":[2.5,8.375,2.375,8.5],"tintindex":0,"rotation":0,"texture":"#0"}},"rotation":{"origin":[8.0,8.0,10.0],"angle":22.5,"axis":"z"}},{"from":[7.5,5.2499995,7.125],"to":[8.5,8.25,7.875],"faces":{"east":{"uv":[7.875,6.5,8.0,6.875],"tintindex":0,"rotation":0,"texture":"#0"},"south":{"uv":[7.875,6.875,8.0,7.25],"tintindex":0,"rotation":0,"texture":"#0"},"north":{"uv":[6.0,7.875,6.125,8.25],"tintindex":0,"rotation":0,"texture":"#0"},"west":{"uv":[7.75,7.875,7.875,8.25],"tintindex":0,"rotation":0,"texture":"#0"},"up":{"uv":[8.5,2.5,8.375,2.375],"tintindex":0,"rotation":0,"texture":"#0"},"down":{"uv":[2.625,8.375,2.5,8.5],"tintindex":0,"rotation":0,"texture":"#0"}},"rotation":{"origin":[8.0,8.0,10.0],"angle":22.5,"axis":"z"}},{"from":[9.5,2.9999995,9.625],"to":[10.5,6.25,10.375],"faces":{"east":{"uv":[1.625,8.0,1.75,8.375],"tintindex":0,"rotation":0,"texture":"#0"},"south":{"uv":[2.25,8.0,2.375,8.375],"tintindex":0,"rotation":0,"texture":"#0"},"north":{"uv":[1.5,8.0,1.625,8.375],"tintindex":0,"rotation":0,"texture":"#0"},"west":{"uv":[2.625,8.0,2.75,8.375],"tintindex":0,"rotation":0,"texture":"#0"},"up":{"uv":[8.5,2.75,8.375,2.625],"tintindex":0,"rotation":0,"texture":"#0"},"down":{"uv":[2.875,8.375,2.75,8.5],"tintindex":0,"rotation":0,"texture":"#0"}},"rotation":{"origin":[8.0,8.0,10.0],"angle":-22.5,"axis":"z"}},{"from":[7.5,5.2499995,5.875],"to":[8.5,8.25,6.625],"faces":{"east":{"uv":[1.25,8.0,1.375,8.375],"tintindex":0,"rotation":0,"texture":"#0"},"south":{"uv":[1.375,8.0,1.5,8.375],"tintindex":0,"rotation":0,"texture":"#0"},"north":{"uv":[7.875,7.875,8.0,8.25],"tintindex":0,"rotation":0,"texture":"#0"},"west":{"uv":[8.0,1.375,8.125,1.75],"tintindex":0,"rotation":0,"texture":"#0"},"up":{"uv":[8.5,2.625,8.375,2.5],"tintindex":0,"rotation":0,"texture":"#0"},"down":{"uv":[2.75,8.375,2.625,8.5],"tintindex":0,"rotation":0,"texture":"#0"}},"rotation":{"origin":[8.0,8.0,10.0],"angle":22.5,"axis":"z"}},{"from":[7.5,5.2499995,9.625],"to":[8.5,8.25,10.375],"faces":{"east":{"uv":[5.0,7.125,5.125,7.5],"tintindex":0,"rotation":0,"texture":"#0"},"south":{"uv":[1.75,7.875,1.875,8.25],"tintindex":0,"rotation":0,"texture":"#0"},"north":{"uv":[3.375,6.875,3.5,7.25],"tintindex":0,"rotation":0,"texture":"#0"},"west":{"uv":[2.0,7.875,2.125,8.25],"tintindex":0,"rotation":0,"texture":"#0"},"up":{"uv":[8.5,2.25,8.375,2.125],"tintindex":0,"rotation":0,"texture":"#0"},"down":{"uv":[2.375,8.375,2.25,8.5],"tintindex":0,"rotation":0,"texture":"#0"}},"rotation":{"origin":[8.0,8.0,10.0],"angle":22.5,"axis":"z"}}]}