{"textures":{"0":"modelengine:entity/wraith"},"elements":[{"from":[4.0,10.0,-1.5],"to":[4.5,11.0,-1.0],"faces":{"east":{"uv":[5.125,8.375,5.25,8.5],"tintindex":0,"rotation":0,"texture":"#0"},"south":{"uv":[8.375,5.125,8.5,5.25],"tintindex":0,"rotation":0,"texture":"#0"},"north":{"uv":[8.375,5.0,8.5,5.125],"tintindex":0,"rotation":0,"texture":"#0"},"west":{"uv":[5.25,8.375,5.375,8.5],"tintindex":0,"rotation":0,"texture":"#0"},"up":{"uv":[8.5,5.375,8.375,5.25],"tintindex":0,"rotation":0,"texture":"#0"},"down":{"uv":[5.5,8.375,5.375,8.5],"tintindex":0,"rotation":0,"texture":"#0"}}},{"from":[7.0,7.5,-1.5],"to":[9.0,8.5,-1.0],"faces":{"east":{"uv":[8.375,4.625,8.5,4.75],"tintindex":0,"rotation":0,"texture":"#0"},"south":{"uv":[8.125,6.875,8.375,7.0],"tintindex":0,"rotation":0,"texture":"#0"},"north":{"uv":[8.125,6.75,8.375,6.875],"tintindex":0,"rotation":0,"texture":"#0"},"west":{"uv":[4.75,8.375,4.875,8.5],"tintindex":0,"rotation":0,"texture":"#0"},"up":{"uv":[8.375,7.125,8.125,7.0],"tintindex":0,"rotation":0,"texture":"#0"},"down":{"uv":[8.375,7.125,8.125,7.25],"tintindex":0,"rotation":0,"texture":"#0"}}},{"from":[4.0,12.0,-2.0],"to":[8.0,13.0,-1.0],"faces":{"east":{"uv":[6.625,8.375,6.75,8.5],"tintindex":0,"rotation":0,"texture":"#0"},"south":{"uv":[7.875,4.875,8.375,5.0],"tintindex":0,"rotation":0,"texture":"#0"},"north":{"uv":[7.875,4.75,8.375,4.875],"tintindex":0,"rotation":0,"texture":"#0"},"west":{"uv":[8.375,6.625,8.5,6.75],"tintindex":0,"rotation":0,"texture":"#0"},"up":{"uv":[8.375,5.125,7.875,5.0],"tintindex":0,"rotation":0,"texture":"#0"},"down":{"uv":[8.375,5.125,7.875,5.25],"tintindex":0,"rotation":0,"texture":"#0"}},"rotation":{"origin":[8.0,12.5,-1.5],"angle":-22.5,"axis":"z"}},{"from":[6.0,8.0,-1.5],"to":[10.0,9.0,-1.0],"faces":{"east":{"uv":[8.375,4.75,8.5,4.875],"tintindex":0,"rotation":0,"texture":"#0"},"south":{"uv":[7.875,1.25,8.375,1.375],"tintindex":0,"rotation":0,"texture":"#0"},"north":{"uv":[1.25,7.875,1.75,8.0],"tintindex":0,"rotation":0,"texture":"#0"},"west":{"uv":[4.875,8.375,5.0,8.5],"tintindex":0,"rotation":0,"texture":"#0"},"up":{"uv":[3.875,8.0,3.375,7.875],"tintindex":0,"rotation":0,"texture":"#0"},"down":{"uv":[8.375,4.125,7.875,4.25],"tintindex":0,"rotation":0,"texture":"#0"}}},{"from":[4.0,9.0,-1.5],"to":[5.5,10.0,-1.0],"faces":{"east":{"uv":[8.375,5.875,8.5,6.0],"tintindex":0,"rotation":0,"texture":"#0"},"south":{"uv":[8.25,0.125,8.5,0.25],"tintindex":0,"rotation":0,"texture":"#0"},"north":{"uv":[8.25,0.0,8.5,0.125],"tintindex":0,"rotation":0,"texture":"#0"},"west":{"uv":[6.0,8.375,6.125,8.5],"tintindex":0,"rotation":0,"texture":"#0"},"up":{"uv":[8.5,0.375,8.25,0.25],"tintindex":0,"rotation":0,"texture":"#0"},"down":{"uv":[8.5,0.375,8.25,0.5],"tintindex":0,"rotation":0,"texture":"#0"}}},{"from":[9.0,8.5,-1.5],"to":[11.0,9.5,-1.0],"faces":{"east":{"uv":[8.375,4.875,8.5,5.0],"tintindex":0,"rotation":0,"texture":"#0"},"south":{"uv":[8.125,7.375,8.375,7.5],"tintindex":0,"rotation":0,"texture":"#0"},"north":{"uv":[8.125,7.25,8.375,7.375],"tintindex":0,"rotation":0,"texture":"#0"},"west":{"uv":[5.0,8.375,5.125,8.5],"tintindex":0,"rotation":0,"texture":"#0"},"up":{"uv":[8.375,7.625,8.125,7.5],"tintindex":0,"rotation":0,"texture":"#0"},"down":{"uv":[8.375,7.625,8.125,7.75],"tintindex":0,"rotation":0,"texture":"#0"}}},{"from":[9.5,11.75,-1.25],"to":[11.5,12.75,-1.0],"faces":{"east":{"uv":[6.375,8.375,6.5,8.5],"tintindex":0,"rotation":0,"texture":"#0"},"south":{"uv":[8.25,1.375,8.5,1.5],"tintindex":0,"rotation":0,"texture":"#0"},"north":{"uv":[8.25,1.0,8.5,1.125],"tintindex":0,"rotation":0,"texture":"#0"},"west":{"uv":[8.375,6.375,8.5,6.5],"tintindex":0,"rotation":0,"texture":"#0"},"up":{"uv":[8.5,1.625,8.25,1.5],"tintindex":0,"rotation":0,"texture":"#0"},"down":{"uv":[8.5,1.625,8.25,1.75],"tintindex":0,"rotation":0,"texture":"#0"}}},{"from":[4.5,11.75,-1.25],"to":[6.5,12.75,-1.0],"faces":{"east":{"uv":[5.625,1.5,5.75,1.625],"tintindex":0,"rotation":0,"texture":"#0"},"south":{"uv":[7.875,5.875,8.125,6.0],"tintindex":0,"rotation":0,"texture":"#0"},"north":{"uv":[3.25,6.5,3.5,6.625],"tintindex":0,"rotation":0,"texture":"#0"},"west":{"uv":[7.0,1.375,7.125,1.5],"tintindex":0,"rotation":0,"texture":"#0"},"up":{"uv":[8.375,1.25,8.125,1.125],"tintindex":0,"rotation":0,"texture":"#0"},"down":{"uv":[2.625,8.125,2.375,8.25],"tintindex":0,"rotation":0,"texture":"#0"}}},{"from":[11.5,10.0,-1.5],"to":[12.0,11.0,-1.0],"faces":{"east":{"uv":[5.5,8.375,5.625,8.5],"tintindex":0,"rotation":0,"texture":"#0"},"south":{"uv":[8.375,5.5,8.5,5.625],"tintindex":0,"rotation":0,"texture":"#0"},"north":{"uv":[8.375,5.375,8.5,5.5],"tintindex":0,"rotation":0,"texture":"#0"},"west":{"uv":[5.625,8.375,5.75,8.5],"tintindex":0,"rotation":0,"texture":"#0"},"up":{"uv":[8.5,5.75,8.375,5.625],"tintindex":0,"rotation":0,"texture":"#0"},"down":{"uv":[5.875,8.375,5.75,8.5],"tintindex":0,"rotation":0,"texture":"#0"}}},{"from":[4.0,7.0,-1.0],"to":[12.0,16.0,8.0],"faces":{"east":{"uv":[0.0,3.125,1.125,4.25],"tintindex":0,"rotation":0,"texture":"#0"},"south":{"uv":[3.25,3.125,4.25,4.25],"tintindex":0,"rotation":0,"texture":"#0"},"north":{"uv":[2.25,3.125,3.25,4.25],"tintindex":0,"rotation":0,"texture":"#0"},"west":{"uv":[1.125,3.125,2.25,4.25],"tintindex":0,"rotation":0,"texture":"#0"},"up":{"uv":[1.0,5.375,0.0,4.25],"tintindex":0,"rotation":0,"texture":"#0"},"down":{"uv":[2.0,4.25,1.0,5.375],"tintindex":0,"rotation":0,"texture":"#0"}}},{"from":[8.0,12.0,-2.0],"to":[12.0,13.0,-1.0],"faces":{"east":{"uv":[6.5,8.375,6.625,8.5],"tintindex":0,"rotation":0,"texture":"#0"},"south":{"uv":[7.875,4.375,8.375,4.5],"tintindex":0,"rotation":0,"texture":"#0"},"north":{"uv":[7.875,4.25,8.375,4.375],"tintindex":0,"rotation":0,"texture":"#0"},"west":{"uv":[8.375,6.5,8.5,6.625],"tintindex":0,"rotation":0,"texture":"#0"},"up":{"uv":[8.375,4.625,7.875,4.5],"tintindex":0,"rotation":0,"texture":"#0"},"down":{"uv":[8.375,4.625,7.875,4.75],"tintindex":0,"rotation":0,"texture":"#0"}},"rotation":{"origin":[8.0,12.5,-1.5],"angle":22.5,"axis":"z"}},{"from":[5.0,8.5,-1.5],"to":[7.0,9.5,-1.0],"faces":{"east":{"uv":[6.25,8.375,6.375,8.5],"tintindex":0,"rotation":0,"texture":"#0"},"south":{"uv":[8.25,0.625,8.5,0.75],"tintindex":0,"rotation":0,"texture":"#0"},"north":{"uv":[8.25,0.5,8.5,0.625],"tintindex":0,"rotation":0,"texture":"#0"},"west":{"uv":[8.375,6.25,8.5,6.375],"tintindex":0,"rotation":0,"texture":"#0"},"up":{"uv":[8.5,0.875,8.25,0.75],"tintindex":0,"rotation":0,"texture":"#0"},"down":{"uv":[8.5,0.875,8.25,1.0],"tintindex":0,"rotation":0,"texture":"#0"}}},{"from":[10.5,9.0,-1.5],"to":[12.0,10.0,-1.0],"faces":{"east":{"uv":[8.375,5.75,8.5,5.875],"tintindex":0,"rotation":0,"texture":"#0"},"south":{"uv":[8.125,7.875,8.375,8.0],"tintindex":0,"rotation":0,"texture":"#0"},"north":{"uv":[8.125,7.75,8.375,7.875],"tintindex":0,"rotation":0,"texture":"#0"},"west":{"uv":[5.875,8.375,6.0,8.5],"tintindex":0,"rotation":0,"texture":"#0"},"up":{"uv":[8.25,8.25,8.0,8.125],"tintindex":0,"rotation":0,"texture":"#0"},"down":{"uv":[8.375,8.0,8.125,8.125],"tintindex":0,"rotation":0,"texture":"#0"}}}]}