{"textures":{"0":"modelengine:entity/wraith"},"elements":[{"from":[6.5,-6.325,7.625],"to":[7.0,-4.7,8.0],"faces":{"east":{"uv":[8.0,7.75,8.125,8.125],"tintindex":0,"rotation":0,"texture":"#0"},"south":{"uv":[0.0,8.125,0.125,8.5],"tintindex":0,"rotation":0,"texture":"#0"},"north":{"uv":[7.625,8.0,7.75,8.375],"tintindex":0,"rotation":0,"texture":"#0"},"west":{"uv":[8.125,0.0,8.25,0.375],"tintindex":0,"rotation":0,"texture":"#0"},"up":{"uv":[8.5,4.125,8.375,4.0],"tintindex":0,"rotation":0,"texture":"#0"},"down":{"uv":[4.25,8.375,4.125,8.5],"tintindex":0,"rotation":0,"texture":"#0"}},"rotation":{"origin":[7.75,-3.8249998,9.0625],"angle":22.5,"axis":"z"}},{"from":[7.5,-5.2,8.875],"to":[8.0,-3.6999998,9.25],"faces":{"east":{"uv":[5.375,8.0,5.5,8.375],"tintindex":0,"rotation":0,"texture":"#0"},"south":{"uv":[5.5,8.0,5.625,8.375],"tintindex":0,"rotation":0,"texture":"#0"},"north":{"uv":[5.25,8.0,5.375,8.375],"tintindex":0,"rotation":0,"texture":"#0"},"west":{"uv":[8.0,5.5,8.125,5.875],"tintindex":0,"rotation":0,"texture":"#0"},"up":{"uv":[8.5,3.5,8.375,3.375],"tintindex":0,"rotation":0,"texture":"#0"},"down":{"uv":[3.625,8.375,3.5,8.5],"tintindex":0,"rotation":0,"texture":"#0"}},"rotation":{"origin":[7.75,-3.8249998,9.0625],"angle":-22.5,"axis":"z"}},{"from":[7.5,-5.2,7.0],"to":[8.0,-3.6999998,7.375],"faces":{"east":{"uv":[7.0,8.0,7.125,8.375],"tintindex":0,"rotation":0,"texture":"#0"},"south":{"uv":[8.0,7.0,8.125,7.375],"tintindex":0,"rotation":0,"texture":"#0"},"north":{"uv":[6.875,8.0,7.0,8.375],"tintindex":0,"rotation":0,"texture":"#0"},"west":{"uv":[7.125,8.0,7.25,8.375],"tintindex":0,"rotation":0,"texture":"#0"},"up":{"uv":[8.5,3.875,8.375,3.75],"tintindex":0,"rotation":0,"texture":"#0"},"down":{"uv":[4.0,8.375,3.875,8.5],"tintindex":0,"rotation":0,"texture":"#0"}},"rotation":{"origin":[7.75,-3.8249998,9.0625],"angle":-22.5,"axis":"z"}},{"from":[7.375,-3.8249998,6.875],"to":[7.875,-2.1999998,9.25],"faces":{"east":{"uv":[6.25,6.25,6.875,6.625],"tintindex":0,"rotation":0,"texture":"#0"},"south":{"uv":[1.0,8.125,1.125,8.5],"tintindex":0,"rotation":0,"texture":"#0"},"north":{"uv":[0.875,8.125,1.0,8.5],"tintindex":0,"rotation":0,"texture":"#0"},"west":{"uv":[2.0,6.625,2.625,7.0],"tintindex":0,"rotation":0,"texture":"#0"},"up":{"uv":[0.875,7.875,0.75,7.25],"tintindex":0,"rotation":0,"texture":"#0"},"down":{"uv":[2.375,7.375,2.25,8.0],"tintindex":0,"rotation":0,"texture":"#0"}}},{"from":[7.5,-5.2,8.25],"to":[8.0,-3.6999998,8.625],"faces":{"east":{"uv":[6.25,8.0,6.375,8.375],"tintindex":0,"rotation":0,"texture":"#0"},"south":{"uv":[8.0,6.25,8.125,6.625],"tintindex":0,"rotation":0,"texture":"#0"},"north":{"uv":[5.625,8.0,5.75,8.375],"tintindex":0,"rotation":0,"texture":"#0"},"west":{"uv":[6.375,8.0,6.5,8.375],"tintindex":0,"rotation":0,"texture":"#0"},"up":{"uv":[8.5,3.625,8.375,3.5],"tintindex":0,"rotation":0,"texture":"#0"},"down":{"uv":[3.75,8.375,3.625,8.5],"tintindex":0,"rotation":0,"texture":"#0"}},"rotation":{"origin":[7.75,-3.8249998,9.0625],"angle":-22.5,"axis":"z"}},{"from":[4.5,-3.4499998,7.25],"to":[6.0,3.5500002,8.75],"faces":{"east":{"uv":[4.625,4.875,5.0,6.625],"tintindex":0,"rotation":0,"texture":"#0"},"south":{"uv":[5.0,3.125,5.375,4.875],"tintindex":0,"rotation":0,"texture":"#0"},"north":{"uv":[4.25,4.875,4.625,6.625],"tintindex":0,"rotation":0,"texture":"#0"},"west":{"uv":[5.0,4.875,5.375,6.625],"tintindex":0,"rotation":0,"texture":"#0"},"up":{"uv":[7.625,0.75,7.25,0.375],"tintindex":0,"rotation":0,"texture":"#0"},"down":{"uv":[3.75,7.25,3.375,7.625],"tintindex":0,"rotation":0,"texture":"#0"}},"rotation":{"origin":[5.5,3.0,8.0],"angle":22.5,"axis":"z"}},{"from":[7.5,-5.2,7.625],"to":[8.0,-3.6999998,8.0],"faces":{"east":{"uv":[6.625,8.0,6.75,8.375],"tintindex":0,"rotation":0,"texture":"#0"},"south":{"uv":[8.0,6.625,8.125,7.0],"tintindex":0,"rotation":0,"texture":"#0"},"north":{"uv":[6.5,8.0,6.625,8.375],"tintindex":0,"rotation":0,"texture":"#0"},"west":{"uv":[6.75,8.0,6.875,8.375],"tintindex":0,"rotation":0,"texture":"#0"},"up":{"uv":[8.5,3.75,8.375,3.625],"tintindex":0,"rotation":0,"texture":"#0"},"down":{"uv":[3.875,8.375,3.75,8.5],"tintindex":0,"rotation":0,"texture":"#0"}},"rotation":{"origin":[7.75,-3.8249998,9.0625],"angle":-22.5,"axis":"z"}},{"from":[7.5,-3.8249998,6.625],"to":[8.0,-2.3249998,7.125],"faces":{"east":{"uv":[8.125,1.375,8.25,1.75],"tintindex":0,"rotation":0,"texture":"#0"},"south":{"uv":[8.125,1.75,8.25,2.125],"tintindex":0,"rotation":0,"texture":"#0"},"north":{"uv":[1.125,8.125,1.25,8.5],"tintindex":0,"rotation":0,"texture":"#0"},"west":{"uv":[8.125,2.125,8.25,2.5],"tintindex":0,"rotation":0,"texture":"#0"},"up":{"uv":[8.5,4.5,8.375,4.375],"tintindex":0,"rotation":0,"texture":"#0"},"down":{"uv":[4.625,8.375,4.5,8.5],"tintindex":0,"rotation":0,"texture":"#0"}},"rotation":{"origin":[7.75,-2.4499998,6.75],"angle":45.0,"axis":"x"}},{"from":[6.5,-6.325,8.25],"to":[7.0,-4.7,8.625],"faces":{"east":{"uv":[0.25,8.125,0.375,8.5],"tintindex":0,"rotation":0,"texture":"#0"},"south":{"uv":[0.375,8.125,0.5,8.5],"tintindex":0,"rotation":0,"texture":"#0"},"north":{"uv":[0.125,8.125,0.25,8.5],"tintindex":0,"rotation":0,"texture":"#0"},"west":{"uv":[8.125,0.375,8.25,0.75],"tintindex":0,"rotation":0,"texture":"#0"},"up":{"uv":[8.5,4.25,8.375,4.125],"tintindex":0,"rotation":0,"texture":"#0"},"down":{"uv":[4.375,8.375,4.25,8.5],"tintindex":0,"rotation":0,"texture":"#0"}},"rotation":{"origin":[7.75,-3.8249998,9.0625],"angle":22.5,"axis":"z"}},{"from":[6.5,-6.325,7.0],"to":[7.0,-4.7,7.375],"faces":{"east":{"uv":[0.625,8.125,0.75,8.5],"tintindex":0,"rotation":0,"texture":"#0"},"south":{"uv":[0.75,8.125,0.875,8.5],"tintindex":0,"rotation":0,"texture":"#0"},"north":{"uv":[0.5,8.125,0.625,8.5],"tintindex":0,"rotation":0,"texture":"#0"},"west":{"uv":[8.125,0.75,8.25,1.125],"tintindex":0,"rotation":0,"texture":"#0"},"up":{"uv":[8.5,4.375,8.375,4.25],"tintindex":0,"rotation":0,"texture":"#0"},"down":{"uv":[4.5,8.375,4.375,8.5],"tintindex":0,"rotation":0,"texture":"#0"}},"rotation":{"origin":[7.75,-3.8249998,9.0625],"angle":22.5,"axis":"z"}},{"from":[6.5,2.0500002,7.25],"to":[8.0,8.549999,8.75],"faces":{"east":{"uv":[1.5,5.375,1.875,7.0],"tintindex":0,"rotation":0,"texture":"#0"},"south":{"uv":[5.375,1.625,5.75,3.25],"tintindex":0,"rotation":0,"texture":"#0"},"north":{"uv":[1.125,5.375,1.5,7.0],"tintindex":0,"rotation":0,"texture":"#0"},"west":{"uv":[5.375,3.25,5.75,4.875],"tintindex":0,"rotation":0,"texture":"#0"},"up":{"uv":[7.625,0.375,7.25,0.0],"tintindex":0,"rotation":0,"texture":"#0"},"down":{"uv":[0.75,7.25,0.375,7.625],"tintindex":0,"rotation":0,"texture":"#0"}},"rotation":{"origin":[8.0,8.0,8.0],"angle":-22.5,"axis":"z"}},{"from":[6.5,-6.325,8.875],"to":[7.0,-4.7,9.25],"faces":{"east":{"uv":[7.375,8.0,7.5,8.375],"tintindex":0,"rotation":0,"texture":"#0"},"south":{"uv":[8.0,7.375,8.125,7.75],"tintindex":0,"rotation":0,"texture":"#0"},"north":{"uv":[7.25,8.0,7.375,8.375],"tintindex":0,"rotation":0,"texture":"#0"},"west":{"uv":[7.5,8.0,7.625,8.375],"tintindex":0,"rotation":0,"texture":"#0"},"up":{"uv":[8.5,4.0,8.375,3.875],"tintindex":0,"rotation":0,"texture":"#0"},"down":{"uv":[4.125,8.375,4.0,8.5],"tintindex":0,"rotation":0,"texture":"#0"}},"rotation":{"origin":[7.75,-3.8249998,9.0625],"angle":22.5,"axis":"z"}},{"from":[7.5,-4.955204,5.526903],"to":[8.0,-3.205204,6.026903],"faces":{"east":{"uv":[2.5,7.625,2.625,8.125],"tintindex":0,"rotation":0,"texture":"#0"},"south":{"uv":[3.875,7.625,4.0,8.125],"tintindex":0,"rotation":0,"texture":"#0"},"north":{"uv":[2.375,7.625,2.5,8.125],"tintindex":0,"rotation":0,"texture":"#0"},"west":{"uv":[4.0,7.625,4.125,8.125],"tintindex":0,"rotation":0,"texture":"#0"},"up":{"uv":[8.5,4.625,8.375,4.5],"tintindex":0,"rotation":0,"texture":"#0"},"down":{"uv":[4.75,8.375,4.625,8.5],"tintindex":0,"rotation":0,"texture":"#0"}},"rotation":{"origin":[7.75,-3.6445436,5.201903],"angle":22.5,"axis":"x"}}]}