{"textures":{"0":"modelengine:entity/wraith"},"elements":[{"from":[5.25,3.5,4.0],"to":[7.25,4.5,5.0],"faces":{"east":{"uv":[7.75,6.25,8.0,6.5],"tintindex":0,"rotation":0,"texture":"#0"},"south":{"uv":[7.625,2.625,8.125,2.875],"tintindex":0,"rotation":0,"texture":"#0"},"north":{"uv":[7.625,2.375,8.125,2.625],"tintindex":0,"rotation":0,"texture":"#0"},"west":{"uv":[6.5,7.75,6.75,8.0],"tintindex":0,"rotation":0,"texture":"#0"},"up":{"uv":[8.125,3.125,7.625,2.875],"tintindex":0,"rotation":0,"texture":"#0"},"down":{"uv":[8.125,3.125,7.625,3.375],"tintindex":0,"rotation":0,"texture":"#0"}}},{"from":[7.25,0.05000019,6.75],"to":[8.75,8.049999,8.25],"faces":{"east":{"uv":[2.375,4.25,2.75,6.25],"tintindex":0,"rotation":0,"texture":"#0"},"south":{"uv":[2.75,4.25,3.125,6.25],"tintindex":0,"rotation":0,"texture":"#0"},"north":{"uv":[2.0,4.25,2.375,6.25],"tintindex":0,"rotation":0,"texture":"#0"},"west":{"uv":[3.125,4.25,3.5,6.25],"tintindex":0,"rotation":0,"texture":"#0"},"up":{"uv":[4.125,7.625,3.75,7.25],"tintindex":0,"rotation":0,"texture":"#0"},"down":{"uv":[5.75,7.25,5.375,7.625],"tintindex":0,"rotation":0,"texture":"#0"}}},{"from":[4.25,6.0,4.0],"to":[5.25,7.0,7.5],"faces":{"east":{"uv":[2.625,6.625,3.5,6.875],"tintindex":0,"rotation":0,"texture":"#0"},"south":{"uv":[5.625,7.625,5.875,7.875],"tintindex":0,"rotation":0,"texture":"#0"},"north":{"uv":[5.375,7.625,5.625,7.875],"tintindex":0,"rotation":0,"texture":"#0"},"west":{"uv":[4.25,6.625,5.125,6.875],"tintindex":0,"rotation":0,"texture":"#0"},"up":{"uv":[5.375,7.5,5.125,6.625],"tintindex":0,"rotation":0,"texture":"#0"},"down":{"uv":[6.5,6.625,6.25,7.5],"tintindex":0,"rotation":0,"texture":"#0"}}},{"from":[8.75,3.5,4.0],"to":[10.75,4.5,5.0],"faces":{"east":{"uv":[3.125,7.75,3.375,8.0],"tintindex":0,"rotation":0,"texture":"#0"},"south":{"uv":[4.125,7.5,4.625,7.75],"tintindex":0,"rotation":0,"texture":"#0"},"north":{"uv":[7.5,1.625,8.0,1.875],"tintindex":0,"rotation":0,"texture":"#0"},"west":{"uv":[4.125,7.75,4.375,8.0],"tintindex":0,"rotation":0,"texture":"#0"},"up":{"uv":[5.125,7.75,4.625,7.5],"tintindex":0,"rotation":0,"texture":"#0"},"down":{"uv":[6.75,7.5,6.25,7.75],"tintindex":0,"rotation":0,"texture":"#0"}}},{"from":[8.75,1.0,4.0],"to":[10.75,2.0,5.0],"faces":{"east":{"uv":[4.375,7.75,4.625,8.0],"tintindex":0,"rotation":0,"texture":"#0"},"south":{"uv":[7.25,7.5,7.75,7.75],"tintindex":0,"rotation":0,"texture":"#0"},"north":{"uv":[6.75,7.5,7.25,7.75],"tintindex":0,"rotation":0,"texture":"#0"},"west":{"uv":[4.625,7.75,4.875,8.0],"tintindex":0,"rotation":0,"texture":"#0"},"up":{"uv":[0.5,7.875,0.0,7.625],"tintindex":0,"rotation":0,"texture":"#0"},"down":{"uv":[8.125,0.0,7.625,0.25],"tintindex":0,"rotation":0,"texture":"#0"}}},{"from":[4.25,3.5,7.5],"to":[11.75,4.5,8.5],"faces":{"east":{"uv":[1.0,7.875,1.25,8.125],"tintindex":0,"rotation":0,"texture":"#0"},"south":{"uv":[5.75,4.125,7.625,4.375],"tintindex":0,"rotation":0,"texture":"#0"},"north":{"uv":[5.75,3.875,7.625,4.125],"tintindex":0,"rotation":0,"texture":"#0"},"west":{"uv":[7.875,1.0,8.125,1.25],"tintindex":0,"rotation":0,"texture":"#0"},"up":{"uv":[7.625,4.625,5.75,4.375],"tintindex":0,"rotation":0,"texture":"#0"},"down":{"uv":[7.625,4.625,5.75,4.875],"tintindex":0,"rotation":0,"texture":"#0"}}},{"from":[8.75,6.0,4.0],"to":[10.75,7.0,5.0],"faces":{"east":{"uv":[2.625,7.75,2.875,8.0],"tintindex":0,"rotation":0,"texture":"#0"},"south":{"uv":[7.375,6.5,7.875,6.75],"tintindex":0,"rotation":0,"texture":"#0"},"north":{"uv":[7.375,5.625,7.875,5.875],"tintindex":0,"rotation":0,"texture":"#0"},"west":{"uv":[2.875,7.75,3.125,8.0],"tintindex":0,"rotation":0,"texture":"#0"},"up":{"uv":[7.875,7.0,7.375,6.75],"tintindex":0,"rotation":0,"texture":"#0"},"down":{"uv":[8.0,1.375,7.5,1.625],"tintindex":0,"rotation":0,"texture":"#0"}}},{"from":[4.25,3.5,4.0],"to":[5.25,4.5,7.5],"faces":{"east":{"uv":[6.5,6.875,7.375,7.125],"tintindex":0,"rotation":0,"texture":"#0"},"south":{"uv":[7.75,7.625,8.0,7.875],"tintindex":0,"rotation":0,"texture":"#0"},"north":{"uv":[7.5,7.75,7.75,8.0],"tintindex":0,"rotation":0,"texture":"#0"},"west":{"uv":[0.0,7.0,0.875,7.25],"tintindex":0,"rotation":0,"texture":"#0"},"up":{"uv":[7.25,0.875,7.0,0.0],"tintindex":0,"rotation":0,"texture":"#0"},"down":{"uv":[1.125,7.0,0.875,7.875],"tintindex":0,"rotation":0,"texture":"#0"}}},{"from":[4.25,1.0,4.0],"to":[5.25,2.0,7.5],"faces":{"east":{"uv":[7.0,0.875,7.875,1.125],"tintindex":0,"rotation":0,"texture":"#0"},"south":{"uv":[0.25,7.875,0.5,8.125],"tintindex":0,"rotation":0,"texture":"#0"},"north":{"uv":[0.0,7.875,0.25,8.125],"tintindex":0,"rotation":0,"texture":"#0"},"west":{"uv":[7.0,1.125,7.875,1.375],"tintindex":0,"rotation":0,"texture":"#0"},"up":{"uv":[1.375,7.875,1.125,7.0],"tintindex":0,"rotation":0,"texture":"#0"},"down":{"uv":[1.625,7.0,1.375,7.875],"tintindex":0,"rotation":0,"texture":"#0"}}},{"from":[10.75,6.0,4.0],"to":[11.75,7.0,7.5],"faces":{"east":{"uv":[6.5,6.625,7.375,6.875],"tintindex":0,"rotation":0,"texture":"#0"},"south":{"uv":[7.625,7.125,7.875,7.375],"tintindex":0,"rotation":0,"texture":"#0"},"north":{"uv":[5.875,7.625,6.125,7.875],"tintindex":0,"rotation":0,"texture":"#0"},"west":{"uv":[6.75,4.875,7.625,5.125],"tintindex":0,"rotation":0,"texture":"#0"},"up":{"uv":[7.0,6.0,6.75,5.125],"tintindex":0,"rotation":0,"texture":"#0"},"down":{"uv":[2.875,6.875,2.625,7.75],"tintindex":0,"rotation":0,"texture":"#0"}}},{"from":[7.25,-4.95,6.75],"to":[8.75,0.05000019,8.25],"faces":{"east":{"uv":[3.875,6.0,4.25,7.25],"tintindex":0,"rotation":0,"texture":"#0"},"south":{"uv":[5.375,6.0,5.75,7.25],"tintindex":0,"rotation":0,"texture":"#0"},"north":{"uv":[3.5,6.0,3.875,7.25],"tintindex":0,"rotation":0,"texture":"#0"},"west":{"uv":[5.75,6.0,6.125,7.25],"tintindex":0,"rotation":0,"texture":"#0"},"up":{"uv":[6.125,7.625,5.75,7.25],"tintindex":0,"rotation":0,"texture":"#0"},"down":{"uv":[7.625,7.125,7.25,7.5],"tintindex":0,"rotation":0,"texture":"#0"}},"rotation":{"origin":[8.0,0.05000019,7.5],"angle":-22.5,"axis":"x"}},{"from":[4.25,6.0,7.5],"to":[11.75,7.0,8.5],"faces":{"east":{"uv":[7.625,4.625,7.875,4.875],"tintindex":0,"rotation":0,"texture":"#0"},"south":{"uv":[5.75,3.125,7.625,3.375],"tintindex":0,"rotation":0,"texture":"#0"},"north":{"uv":[5.75,2.875,7.625,3.125],"tintindex":0,"rotation":0,"texture":"#0"},"west":{"uv":[7.625,4.875,7.875,5.125],"tintindex":0,"rotation":0,"texture":"#0"},"up":{"uv":[7.625,3.625,5.75,3.375],"tintindex":0,"rotation":0,"texture":"#0"},"down":{"uv":[7.625,3.625,5.75,3.875],"tintindex":0,"rotation":0,"texture":"#0"}}},{"from":[4.25,1.0,7.5],"to":[11.75,2.0,8.5],"faces":{"east":{"uv":[7.625,4.125,7.875,4.375],"tintindex":0,"rotation":0,"texture":"#0"},"south":{"uv":[5.75,2.125,7.625,2.375],"tintindex":0,"rotation":0,"texture":"#0"},"north":{"uv":[5.75,1.875,7.625,2.125],"tintindex":0,"rotation":0,"texture":"#0"},"west":{"uv":[7.625,4.375,7.875,4.625],"tintindex":0,"rotation":0,"texture":"#0"},"up":{"uv":[7.625,2.625,5.75,2.375],"tintindex":0,"rotation":0,"texture":"#0"},"down":{"uv":[7.625,2.625,5.75,2.875],"tintindex":0,"rotation":0,"texture":"#0"}}},{"from":[5.25,6.0,4.0],"to":[7.25,7.0,5.0],"faces":{"east":{"uv":[4.875,7.75,5.125,8.0],"tintindex":0,"rotation":0,"texture":"#0"},"south":{"uv":[7.625,0.5,8.125,0.75],"tintindex":0,"rotation":0,"texture":"#0"},"north":{"uv":[7.625,0.25,8.125,0.5],"tintindex":0,"rotation":0,"texture":"#0"},"west":{"uv":[6.25,7.75,6.5,8.0],"tintindex":0,"rotation":0,"texture":"#0"},"up":{"uv":[8.125,2.125,7.625,1.875],"tintindex":0,"rotation":0,"texture":"#0"},"down":{"uv":[8.125,2.125,7.625,2.375],"tintindex":0,"rotation":0,"texture":"#0"}}},{"from":[10.75,3.5,4.0],"to":[11.75,4.5,7.5],"faces":{"east":{"uv":[4.25,6.875,5.125,7.125],"tintindex":0,"rotation":0,"texture":"#0"},"south":{"uv":[7.75,7.375,8.0,7.625],"tintindex":0,"rotation":0,"texture":"#0"},"north":{"uv":[7.25,7.75,7.5,8.0],"tintindex":0,"rotation":0,"texture":"#0"},"west":{"uv":[6.875,6.25,7.75,6.5],"tintindex":0,"rotation":0,"texture":"#0"},"up":{"uv":[3.125,7.75,2.875,6.875],"tintindex":0,"rotation":0,"texture":"#0"},"down":{"uv":[3.375,6.875,3.125,7.75],"tintindex":0,"rotation":0,"texture":"#0"}}},{"from":[5.25,1.0,4.0],"to":[7.25,2.0,5.0],"faces":{"east":{"uv":[6.75,7.75,7.0,8.0],"tintindex":0,"rotation":0,"texture":"#0"},"south":{"uv":[7.625,3.375,8.125,3.625],"tintindex":0,"rotation":0,"texture":"#0"},"north":{"uv":[3.375,7.625,3.875,7.875],"tintindex":0,"rotation":0,"texture":"#0"},"west":{"uv":[7.0,7.75,7.25,8.0],"tintindex":0,"rotation":0,"texture":"#0"},"up":{"uv":[8.125,3.875,7.625,3.625],"tintindex":0,"rotation":0,"texture":"#0"},"down":{"uv":[8.125,3.875,7.625,4.125],"tintindex":0,"rotation":0,"texture":"#0"}}},{"from":[10.75,1.0,4.0],"to":[11.75,2.0,7.5],"faces":{"east":{"uv":[7.0,5.125,7.875,5.375],"tintindex":0,"rotation":0,"texture":"#0"},"south":{"uv":[7.875,0.75,8.125,1.0],"tintindex":0,"rotation":0,"texture":"#0"},"north":{"uv":[0.75,7.875,1.0,8.125],"tintindex":0,"rotation":0,"texture":"#0"},"west":{"uv":[7.0,5.375,7.875,5.625],"tintindex":0,"rotation":0,"texture":"#0"},"up":{"uv":[1.875,7.875,1.625,7.0],"tintindex":0,"rotation":0,"texture":"#0"},"down":{"uv":[2.25,7.0,2.0,7.875],"tintindex":0,"rotation":0,"texture":"#0"}}}]}