{"textures":{"0":"modelengine:entity/wraith"},"elements":[{"from":[8.0,-3.8249998,6.625],"to":[8.5,-2.3249998,7.125],"faces":{"east":{"uv":[4.875,8.0,5.0,8.375],"tintindex":0,"rotation":0,"texture":"#0"},"south":{"uv":[5.0,8.0,5.125,8.375],"tintindex":0,"rotation":0,"texture":"#0"},"north":{"uv":[4.75,8.0,4.875,8.375],"tintindex":0,"rotation":0,"texture":"#0"},"west":{"uv":[5.125,8.0,5.25,8.375],"tintindex":0,"rotation":0,"texture":"#0"},"up":{"uv":[8.5,3.25,8.375,3.125],"tintindex":0,"rotation":0,"texture":"#0"},"down":{"uv":[3.375,8.375,3.25,8.5],"tintindex":0,"rotation":0,"texture":"#0"}},"rotation":{"origin":[8.25,-2.4499998,6.75],"angle":45.0,"axis":"x"}},{"from":[8.125,-3.8249998,6.875],"to":[8.625,-2.1999998,9.25],"faces":{"east":{"uv":[2.0,6.25,2.625,6.625],"tintindex":0,"rotation":0,"texture":"#0"},"south":{"uv":[4.625,8.0,4.75,8.375],"tintindex":0,"rotation":0,"texture":"#0"},"north":{"uv":[4.5,8.0,4.625,8.375],"tintindex":0,"rotation":0,"texture":"#0"},"west":{"uv":[2.625,6.25,3.25,6.625],"tintindex":0,"rotation":0,"texture":"#0"},"up":{"uv":[5.375,2.25,5.25,1.625],"tintindex":0,"rotation":0,"texture":"#0"},"down":{"uv":[5.375,2.25,5.25,2.875],"tintindex":0,"rotation":0,"texture":"#0"}}},{"from":[10.0,-3.4499998,7.25],"to":[11.5,3.5500002,8.75],"faces":{"east":{"uv":[3.5,4.25,3.875,6.0],"tintindex":0,"rotation":0,"texture":"#0"},"south":{"uv":[3.875,4.25,4.25,6.0],"tintindex":0,"rotation":0,"texture":"#0"},"north":{"uv":[4.25,3.125,4.625,4.875],"tintindex":0,"rotation":0,"texture":"#0"},"west":{"uv":[4.625,3.125,5.0,4.875],"tintindex":0,"rotation":0,"texture":"#0"},"up":{"uv":[7.25,7.5,6.875,7.125],"tintindex":0,"rotation":0,"texture":"#0"},"down":{"uv":[0.375,7.25,0.0,7.625],"tintindex":0,"rotation":0,"texture":"#0"}},"rotation":{"origin":[10.5,3.0,8.0],"angle":-22.5,"axis":"z"}},{"from":[8.0,-4.955204,5.526903],"to":[8.5,-3.205204,6.026903],"faces":{"east":{"uv":[5.25,7.5,5.375,8.0],"tintindex":0,"rotation":0,"texture":"#0"},"south":{"uv":[0.5,7.625,0.625,8.125],"tintindex":0,"rotation":0,"texture":"#0"},"north":{"uv":[5.125,7.5,5.25,8.0],"tintindex":0,"rotation":0,"texture":"#0"},"west":{"uv":[0.625,7.625,0.75,8.125],"tintindex":0,"rotation":0,"texture":"#0"},"up":{"uv":[8.5,3.375,8.375,3.25],"tintindex":0,"rotation":0,"texture":"#0"},"down":{"uv":[3.5,8.375,3.375,8.5],"tintindex":0,"rotation":0,"texture":"#0"}},"rotation":{"origin":[8.25,-3.6445436,5.201903],"angle":22.5,"axis":"x"}},{"from":[8.0,2.0500002,7.25],"to":[9.5,8.549999,8.75],"faces":{"east":{"uv":[0.0,5.375,0.375,7.0],"tintindex":0,"rotation":0,"texture":"#0"},"south":{"uv":[0.375,5.375,0.75,7.0],"tintindex":0,"rotation":0,"texture":"#0"},"north":{"uv":[5.25,0.0,5.625,1.625],"tintindex":0,"rotation":0,"texture":"#0"},"west":{"uv":[0.75,5.375,1.125,7.0],"tintindex":0,"rotation":0,"texture":"#0"},"up":{"uv":[5.0,7.5,4.625,7.125],"tintindex":0,"rotation":0,"texture":"#0"},"down":{"uv":[6.875,7.125,6.5,7.5],"tintindex":0,"rotation":0,"texture":"#0"}},"rotation":{"origin":[8.0,8.0,8.0],"angle":22.5,"axis":"z"}}]}