{"textures":{"2":"modelengine:entity/sword"},"elements":[{"from":[11.75,13.125,7.0],"to":[12.75,14.125,9.5],"faces":{"east":{"uv":[3.5,3.5,4.75,4.0],"tintindex":0,"rotation":0,"texture":"#2"},"south":{"uv":[5.0,4.25,5.5,4.75],"tintindex":0,"rotation":0,"texture":"#2"},"north":{"uv":[5.0,3.75,5.5,4.25],"tintindex":0,"rotation":0,"texture":"#2"},"west":{"uv":[3.5,4.0,4.75,4.5],"tintindex":0,"rotation":0,"texture":"#2"},"up":{"uv":[4.0,5.75,3.5,4.5],"tintindex":0,"rotation":0,"texture":"#2"},"down":{"uv":[4.5,4.5,4.0,5.75],"tintindex":0,"rotation":0,"texture":"#2"}}},{"from":[12.0,13.75,-5.0],"to":[12.5,14.25,7.0],"faces":{"east":{"uv":[1.75,0.5,7.75,0.75],"tintindex":0,"rotation":0,"texture":"#2"},"south":{"uv":[5.25,2.75,5.5,3.0],"tintindex":0,"rotation":0,"texture":"#2"},"north":{"uv":[5.25,2.5,5.5,2.75],"tintindex":0,"rotation":0,"texture":"#2"},"west":{"uv":[1.75,0.75,7.75,1.0],"tintindex":0,"rotation":0,"texture":"#2"},"up":{"uv":[2.0,7.0,1.75,1.0],"tintindex":0,"rotation":0,"texture":"#2"},"down":{"uv":[2.25,1.0,2.0,7.0],"tintindex":0,"rotation":0,"texture":"#2"}}},{"from":[12.0,13.25,-6.0],"to":[12.5,13.75,6.5],"faces":{"east":{"uv":[1.25,0.0,7.5,0.25],"tintindex":0,"rotation":0,"texture":"#2"},"south":{"uv":[5.0,5.0,5.25,5.25],"tintindex":0,"rotation":0,"texture":"#2"},"north":{"uv":[4.75,5.0,5.0,5.25],"tintindex":0,"rotation":0,"texture":"#2"},"west":{"uv":[1.25,0.25,7.5,0.5],"tintindex":0,"rotation":0,"texture":"#2"},"up":{"uv":[1.5,6.75,1.25,0.5],"tintindex":0,"rotation":0,"texture":"#2"},"down":{"uv":[1.75,0.5,1.5,6.75],"tintindex":0,"rotation":0,"texture":"#2"}}},{"from":[12.0,14.25,-3.5],"to":[12.5,14.75,5.5],"faces":{"east":{"uv":[2.5,1.5,7.0,1.75],"tintindex":0,"rotation":0,"texture":"#2"},"south":{"uv":[5.0,5.25,5.25,5.5],"tintindex":0,"rotation":0,"texture":"#2"},"north":{"uv":[4.75,5.25,5.0,5.5],"tintindex":0,"rotation":0,"texture":"#2"},"west":{"uv":[2.5,1.75,7.0,2.0],"tintindex":0,"rotation":0,"texture":"#2"},"up":{"uv":[0.5,7.0,0.25,2.5],"tintindex":0,"rotation":0,"texture":"#2"},"down":{"uv":[0.75,2.5,0.5,7.0],"tintindex":0,"rotation":0,"texture":"#2"}}},{"from":[11.0,12.25,6.5],"to":[13.5,14.75,7.0],"faces":{"east":{"uv":[4.5,4.5,4.75,5.75],"tintindex":0,"rotation":0,"texture":"#2"},"south":{"uv":[0.0,1.25,1.25,2.5],"tintindex":0,"rotation":0,"texture":"#2"},"north":{"uv":[0.0,0.0,1.25,1.25],"tintindex":0,"rotation":0,"texture":"#2"},"west":{"uv":[4.75,3.5,5.0,4.75],"tintindex":0,"rotation":0,"texture":"#2"},"up":{"uv":[6.0,5.0,4.75,4.75],"tintindex":0,"rotation":0,"texture":"#2"},"down":{"uv":[6.25,3.5,5.0,3.75],"tintindex":0,"rotation":0,"texture":"#2"}}},{"from":[12.0,12.25,-3.5],"to":[12.5,12.75,5.5],"faces":{"east":{"uv":[2.5,2.0,7.0,2.25],"tintindex":0,"rotation":0,"texture":"#2"},"south":{"uv":[5.25,5.25,5.5,5.5],"tintindex":0,"rotation":0,"texture":"#2"},"north":{"uv":[5.25,5.0,5.5,5.25],"tintindex":0,"rotation":0,"texture":"#2"},"west":{"uv":[2.5,2.25,7.0,2.5],"tintindex":0,"rotation":0,"texture":"#2"},"up":{"uv":[1.0,7.0,0.75,2.5],"tintindex":0,"rotation":0,"texture":"#2"},"down":{"uv":[1.25,2.5,1.0,7.0],"tintindex":0,"rotation":0,"texture":"#2"}}},{"from":[12.0,14.75,-1.5],"to":[12.5,15.25,4.0],"faces":{"east":{"uv":[2.5,2.5,5.25,2.75],"tintindex":0,"rotation":0,"texture":"#2"},"south":{"uv":[5.5,2.75,5.75,3.0],"tintindex":0,"rotation":0,"texture":"#2"},"north":{"uv":[5.5,2.5,5.75,2.75],"tintindex":0,"rotation":0,"texture":"#2"},"west":{"uv":[2.5,2.75,5.25,3.0],"tintindex":0,"rotation":0,"texture":"#2"},"up":{"uv":[2.75,5.75,2.5,3.0],"tintindex":0,"rotation":0,"texture":"#2"},"down":{"uv":[3.0,3.0,2.75,5.75],"tintindex":0,"rotation":0,"texture":"#2"}}},{"from":[12.0,11.75,-1.5],"to":[12.5,12.25,4.0],"faces":{"east":{"uv":[3.0,3.0,5.75,3.25],"tintindex":0,"rotation":0,"texture":"#2"},"south":{"uv":[5.5,4.0,5.75,4.25],"tintindex":0,"rotation":0,"texture":"#2"},"north":{"uv":[5.5,3.75,5.75,4.0],"tintindex":0,"rotation":0,"texture":"#2"},"west":{"uv":[3.0,3.25,5.75,3.5],"tintindex":0,"rotation":0,"texture":"#2"},"up":{"uv":[3.25,6.25,3.0,3.5],"tintindex":0,"rotation":0,"texture":"#2"},"down":{"uv":[3.5,3.5,3.25,6.25],"tintindex":0,"rotation":0,"texture":"#2"}}},{"from":[12.0,12.75,-5.0],"to":[12.5,13.25,6.5],"faces":{"east":{"uv":[2.25,1.0,8.0,1.25],"tintindex":0,"rotation":0,"texture":"#2"},"south":{"uv":[5.5,4.5,5.75,4.75],"tintindex":0,"rotation":0,"texture":"#2"},"north":{"uv":[5.5,4.25,5.75,4.5],"tintindex":0,"rotation":0,"texture":"#2"},"west":{"uv":[2.25,1.25,8.0,1.5],"tintindex":0,"rotation":0,"texture":"#2"},"up":{"uv":[2.5,7.25,2.25,1.5],"tintindex":0,"rotation":0,"texture":"#2"},"down":{"uv":[0.25,2.5,0.0,8.25],"tintindex":0,"rotation":0,"texture":"#2"}}}]}