{"textures":{"0":"modelengine:entity/bs_vm_crab_texture"},"elements":[{"from":[8.0,8.0,5.0],"to":[12.0,8.0,6.0],"faces":{"up":{"uv":[14.5,7.5,12.5,7.0],"tintindex":0,"rotation":0,"texture":"#0"},"down":{"uv":[14.5,7.5,12.5,8.0],"tintindex":0,"rotation":0,"texture":"#0"}}},{"from":[8.0,8.0,7.5],"to":[12.0,8.0,8.5],"faces":{"up":{"uv":[14.5,5.5,12.5,5.0],"tintindex":0,"rotation":0,"texture":"#0"},"down":{"uv":[14.5,5.5,12.5,6.0],"tintindex":0,"rotation":0,"texture":"#0"}}},{"from":[8.0,8.0,10.0],"to":[12.0,8.0,11.0],"faces":{"up":{"uv":[14.5,6.5,12.5,6.0],"tintindex":0,"rotation":0,"texture":"#0"},"down":{"uv":[14.5,6.5,12.5,7.0],"tintindex":0,"rotation":0,"texture":"#0"}}}]}