{"textures":{"0":"modelengine:entity/forester"},"elements":[{"from":[7.0,4.0,6.0],"to":[11.0,10.0,10.0],"faces":{"east":{"uv":[8.0,8.75,9.0,10.25],"tintindex":0,"rotation":0,"texture":"#0"},"south":{"uv":[0.0,9.0,1.0,10.5],"tintindex":0,"rotation":0,"texture":"#0"},"north":{"uv":[3.0,8.75,4.0,10.25],"tintindex":0,"rotation":0,"texture":"#0"},"west":{"uv":[1.0,9.0,2.0,10.5],"tintindex":0,"rotation":0,"texture":"#0"},"up":{"uv":[12.25,1.0,11.25,0.0],"tintindex":0,"rotation":0,"texture":"#0"},"down":{"uv":[12.25,4.5,11.25,5.5],"tintindex":0,"rotation":0,"texture":"#0"}}}]}