{"textures":{"0":"modelengine:entity/forester"},"elements":[{"from":[6.0,2.0,6.0],"to":[10.0,8.0,10.0],"faces":{"east":{"uv":[4.0,9.0,5.0,10.5],"tintindex":0,"rotation":0,"texture":"#0"},"south":{"uv":[9.0,4.25,10.0,5.75],"tintindex":0,"rotation":0,"texture":"#0"},"north":{"uv":[9.0,2.75,10.0,4.25],"tintindex":0,"rotation":0,"texture":"#0"},"west":{"uv":[5.0,9.0,6.0,10.5],"tintindex":0,"rotation":0,"texture":"#0"},"up":{"uv":[12.25,6.5,11.25,5.5],"tintindex":0,"rotation":0,"texture":"#0"},"down":{"uv":[6.75,11.25,5.75,12.25],"tintindex":0,"rotation":0,"texture":"#0"}}}]}