{"textures":{"0":"modelengine:entity/forester"},"elements":[{"from":[5.0,4.0,6.0],"to":[9.0,10.0,10.0],"faces":{"east":{"uv":[10.25,6.0,11.25,7.5],"tintindex":0,"rotation":0,"texture":"#0"},"south":{"uv":[8.0,10.25,9.0,11.75],"tintindex":0,"rotation":0,"texture":"#0"},"north":{"uv":[10.25,4.5,11.25,6.0],"tintindex":0,"rotation":0,"texture":"#0"},"west":{"uv":[9.0,10.25,10.0,11.75],"tintindex":0,"rotation":0,"texture":"#0"},"up":{"uv":[10.75,12.75,9.75,11.75],"tintindex":0,"rotation":0,"texture":"#0"},"down":{"uv":[11.75,11.75,10.75,12.75],"tintindex":0,"rotation":0,"texture":"#0"}}}]}