{"textures":{"0":"modelengine:entity/forester"},"elements":[{"from":[3.999,7.999,9.999],"to":[12.001,14.001,11.001],"faces":{"east":{"uv":[3.5,12.75,3.75,14.25],"tintindex":0,"rotation":0,"texture":"#0"},"south":{"uv":[4.0,5.0,6.0,6.5],"tintindex":0,"rotation":0,"texture":"#0"},"north":{"uv":[4.0,3.5,6.0,5.0],"tintindex":0,"rotation":0,"texture":"#0"},"west":{"uv":[13.75,3.5,14.0,5.0],"tintindex":0,"rotation":0,"texture":"#0"},"up":{"uv":[15.5,8.75,13.5,8.5],"tintindex":0,"rotation":0,"texture":"#0"},"down":{"uv":[15.5,8.75,13.5,9.0],"tintindex":0,"rotation":0,"texture":"#0"}}},{"from":[3.999,7.999,5.999],"to":[12.001,14.001,10.001],"faces":{"east":{"uv":[7.25,1.25,8.25,2.75],"tintindex":0,"rotation":0,"texture":"#0"},"south":{"uv":[4.0,2.0,6.0,3.5],"tintindex":0,"rotation":0,"texture":"#0"},"north":{"uv":[2.0,4.0,4.0,5.5],"tintindex":0,"rotation":0,"texture":"#0"},"west":{"uv":[7.25,7.0,8.25,8.5],"tintindex":0,"rotation":0,"texture":"#0"},"up":{"uv":[8.0,5.0,6.0,4.0],"tintindex":0,"rotation":0,"texture":"#0"},"down":{"uv":[8.0,5.0,6.0,6.0],"tintindex":0,"rotation":0,"texture":"#0"}}}]}