{"textures":{"0":"modelengine:entity/forester"},"elements":[{"from":[7.5,2.0,6.75],"to":[9.5,8.0,8.75],"faces":{"east":{"uv":[6.25,12.25,6.75,13.75],"tintindex":0,"rotation":0,"texture":"#0"},"south":{"uv":[12.25,7.0,12.75,8.5],"tintindex":0,"rotation":0,"texture":"#0"},"north":{"uv":[5.75,12.25,6.25,13.75],"tintindex":0,"rotation":0,"texture":"#0"},"west":{"uv":[12.25,11.75,12.75,13.25],"tintindex":0,"rotation":0,"texture":"#0"},"up":{"uv":[14.25,5.5,13.75,5.0],"tintindex":0,"rotation":0,"texture":"#0"},"down":{"uv":[14.25,5.5,13.75,6.0],"tintindex":0,"rotation":0,"texture":"#0"}}},{"from":[6.5,2.0,7.5],"to":[8.5,8.0,9.5],"faces":{"east":{"uv":[7.25,12.5,7.75,14.0],"tintindex":0,"rotation":0,"texture":"#0"},"south":{"uv":[12.5,8.5,13.0,10.0],"tintindex":0,"rotation":0,"texture":"#0"},"north":{"uv":[6.75,12.5,7.25,14.0],"tintindex":0,"rotation":0,"texture":"#0"},"west":{"uv":[12.5,10.0,13.0,11.5],"tintindex":0,"rotation":0,"texture":"#0"},"up":{"uv":[6.25,14.25,5.75,13.75],"tintindex":0,"rotation":0,"texture":"#0"},"down":{"uv":[14.25,6.0,13.75,6.5],"tintindex":0,"rotation":0,"texture":"#0"}}}]}