{"textures":{"0":"modelengine:entity/kindletronsr4"},"elements":[{"from":[12.25,14.5,10.5],"to":[15.25,17.0,13.0],"faces":{"east":{"uv":[12.25,0.625,12.875,1.25],"tintindex":0,"rotation":0,"texture":"#0"},"south":{"uv":[11.75,10.875,12.5,11.5],"tintindex":0,"rotation":0,"texture":"#0"},"north":{"uv":[11.75,10.25,12.5,10.875],"tintindex":0,"rotation":0,"texture":"#0"},"west":{"uv":[12.25,1.25,12.875,1.875],"tintindex":0,"rotation":0,"texture":"#0"},"up":{"uv":[12.5,12.125,11.75,11.5],"tintindex":0,"rotation":0,"texture":"#0"},"down":{"uv":[5.125,11.875,4.375,12.5],"tintindex":0,"rotation":0,"texture":"#0"}}},{"from":[5.25,16.290741,12.436541],"to":[10.25,18.790741,13.436541],"faces":{"east":{"uv":[8.625,4.0,8.875,4.625],"tintindex":0,"rotation":0,"texture":"#0"},"south":{"uv":[11.375,5.875,12.625,6.5],"tintindex":0,"rotation":0,"texture":"#0"},"north":{"uv":[10.875,7.625,12.125,8.25],"tintindex":0,"rotation":0,"texture":"#0"},"west":{"uv":[5.75,10.75,6.0,11.375],"tintindex":0,"rotation":0,"texture":"#0"},"up":{"uv":[13.25,2.125,12.0,1.875],"tintindex":0,"rotation":0,"texture":"#0"},"down":{"uv":[13.5,2.75,12.25,3.0],"tintindex":0,"rotation":0,"texture":"#0"}},"rotation":{"origin":[7.791667,13.7471,8.569225],"angle":-45.0,"axis":"x"}},{"from":[4.75,10.085366,8.228844],"to":[10.75,17.085365,13.228844],"faces":{"east":{"uv":[7.5,7.5,8.75,9.25],"tintindex":0,"rotation":0,"texture":"#0"},"south":{"uv":[6.25,1.25,7.75,3.0],"tintindex":0,"rotation":0,"texture":"#0"},"north":{"uv":[0.0,6.25,1.5,8.0],"tintindex":0,"rotation":0,"texture":"#0"},"west":{"uv":[7.75,0.75,9.0,2.5],"tintindex":0,"rotation":0,"texture":"#0"},"up":{"uv":[1.5,10.25,0.0,9.0],"tintindex":0,"rotation":0,"texture":"#0"},"down":{"uv":[10.5,0.75,9.0,2.0],"tintindex":0,"rotation":0,"texture":"#0"}},"rotation":{"origin":[7.791667,13.7471,8.569225],"angle":22.5,"axis":"x"}},{"from":[4.25,7.0,7.5],"to":[5.75,8.0,8.5],"faces":{"east":{"uv":[8.625,11.375,8.375,11.625],"tintindex":0,"rotation":0,"texture":"#0"},"south":{"uv":[5.0,12.5,4.625,12.75],"tintindex":0,"rotation":0,"texture":"#0"},"north":{"uv":[4.75,11.625,4.375,11.875],"tintindex":0,"rotation":0,"texture":"#0"},"west":{"uv":[11.5,2.25,11.25,2.5],"tintindex":0,"rotation":0,"texture":"#0"},"up":{"uv":[5.75,12.75,6.125,12.5],"tintindex":0,"rotation":0,"texture":"#0"},"down":{"uv":[12.5,7.0,12.875,7.25],"tintindex":0,"rotation":0,"texture":"#0"}}},{"from":[1.7750001,17.048098,9.15165],"to":[14.225,20.048098,15.15165],"faces":{"east":{"uv":[8.625,9.625,10.125,10.375],"tintindex":0,"rotation":0,"texture":"#0"},"south":{"uv":[7.375,0.0,10.5,0.75],"tintindex":0,"rotation":0,"texture":"#0"},"north":{"uv":[6.5,6.75,9.625,7.5],"tintindex":0,"rotation":0,"texture":"#0"},"west":{"uv":[10.125,9.625,11.625,10.375],"tintindex":0,"rotation":0,"texture":"#0"},"up":{"uv":[3.125,3.875,0.0,2.375],"tintindex":0,"rotation":0,"texture":"#0"},"down":{"uv":[6.25,2.375,3.125,3.875],"tintindex":0,"rotation":0,"texture":"#0"}}},{"from":[9.75,7.0,7.5],"to":[11.25,8.0,8.5],"faces":{"east":{"uv":[11.25,2.25,11.5,2.5],"tintindex":0,"rotation":0,"texture":"#0"},"south":{"uv":[4.625,12.5,5.0,12.75],"tintindex":0,"rotation":0,"texture":"#0"},"north":{"uv":[4.375,11.625,4.75,11.875],"tintindex":0,"rotation":0,"texture":"#0"},"west":{"uv":[8.375,11.375,8.625,11.625],"tintindex":0,"rotation":0,"texture":"#0"},"up":{"uv":[6.125,12.75,5.75,12.5],"tintindex":0,"rotation":0,"texture":"#0"},"down":{"uv":[12.875,7.0,12.5,7.25],"tintindex":0,"rotation":0,"texture":"#0"}}},{"from":[4.25,14.290741,6.4365406],"to":[5.25,18.790741,13.436541],"faces":{"east":{"uv":[8.875,4.0,10.625,5.125],"tintindex":0,"rotation":0,"texture":"#0"},"south":{"uv":[11.125,12.25,11.375,13.375],"tintindex":0,"rotation":0,"texture":"#0"},"north":{"uv":[10.875,12.25,11.125,13.375],"tintindex":0,"rotation":0,"texture":"#0"},"west":{"uv":[8.875,5.125,10.625,6.25],"tintindex":0,"rotation":0,"texture":"#0"},"up":{"uv":[12.375,5.25,12.125,3.5],"tintindex":0,"rotation":0,"texture":"#0"},"down":{"uv":[12.0,12.125,11.75,13.875],"tintindex":0,"rotation":0,"texture":"#0"}},"rotation":{"origin":[7.791667,13.7471,8.569225],"angle":-45.0,"axis":"x"}},{"from":[2.25,12.038324,11.509492],"to":[13.75,17.038324,14.509493],"faces":{"east":{"uv":[9.5,10.375,10.25,11.625],"tintindex":0,"rotation":0,"texture":"#0"},"south":{"uv":[4.5,0.0,7.375,1.25],"tintindex":0,"rotation":0,"texture":"#0"},"north":{"uv":[3.5,3.875,6.375,5.125],"tintindex":0,"rotation":0,"texture":"#0"},"west":{"uv":[10.25,10.375,11.0,11.625],"tintindex":0,"rotation":0,"texture":"#0"},"up":{"uv":[10.75,3.25,7.875,2.5],"tintindex":0,"rotation":0,"texture":"#0"},"down":{"uv":[10.75,3.25,7.875,4.0],"tintindex":0,"rotation":0,"texture":"#0"}}},{"from":[10.25,14.290741,6.4365406],"to":[11.25,18.790741,13.436541],"faces":{"east":{"uv":[4.5,1.25,6.25,2.375],"tintindex":0,"rotation":0,"texture":"#0"},"south":{"uv":[10.25,12.25,10.5,13.375],"tintindex":0,"rotation":0,"texture":"#0"},"north":{"uv":[10.0,12.25,10.25,13.375],"tintindex":0,"rotation":0,"texture":"#0"},"west":{"uv":[8.75,8.5,10.5,9.625],"tintindex":0,"rotation":0,"texture":"#0"},"up":{"uv":[10.875,13.375,10.625,11.625],"tintindex":0,"rotation":0,"texture":"#0"},"down":{"uv":[12.25,0.0,12.0,1.75],"tintindex":0,"rotation":0,"texture":"#0"}},"rotation":{"origin":[7.791667,13.7471,8.569225],"angle":-45.0,"axis":"x"}},{"from":[6.25,8.5,5.5],"to":[9.25,13.0,8.5],"faces":{"east":{"uv":[11.25,1.125,12.0,2.25],"tintindex":0,"rotation":0,"texture":"#0"},"south":{"uv":[11.375,3.625,12.125,4.75],"tintindex":0,"rotation":0,"texture":"#0"},"north":{"uv":[11.25,0.0,12.0,1.125],"tintindex":0,"rotation":0,"texture":"#0"},"west":{"uv":[11.375,4.75,12.125,5.875],"tintindex":0,"rotation":0,"texture":"#0"},"up":{"uv":[8.625,4.75,7.875,4.0],"tintindex":0,"rotation":0,"texture":"#0"},"down":{"uv":[12.25,2.75,11.5,3.5],"tintindex":0,"rotation":0,"texture":"#0"}}},{"from":[3.25,12.916794,5.051447],"to":[12.25,16.666794,14.551447],"faces":{"east":{"uv":[6.5,4.75,8.875,5.75],"tintindex":0,"rotation":0,"texture":"#0"},"south":{"uv":[5.25,7.5,7.5,8.5],"tintindex":0,"rotation":0,"texture":"#0"},"north":{"uv":[3.0,7.5,5.25,8.5],"tintindex":0,"rotation":0,"texture":"#0"},"west":{"uv":[6.5,5.75,8.875,6.75],"tintindex":0,"rotation":0,"texture":"#0"},"up":{"uv":[2.25,2.375,0.0,0.0],"tintindex":0,"rotation":0,"texture":"#0"},"down":{"uv":[4.5,0.0,2.25,2.375],"tintindex":0,"rotation":0,"texture":"#0"}},"rotation":{"origin":[7.791667,13.7471,8.569225],"angle":-22.5,"axis":"x"}},{"from":[5.25,16.790741,6.4365406],"to":[10.25,18.790741,7.4365406],"faces":{"east":{"uv":[10.25,2.0,10.5,2.5],"tintindex":0,"rotation":0,"texture":"#0"},"south":{"uv":[11.5,2.25,12.75,2.75],"tintindex":0,"rotation":0,"texture":"#0"},"north":{"uv":[9.0,2.0,10.25,2.5],"tintindex":0,"rotation":0,"texture":"#0"},"west":{"uv":[0.75,12.5,1.0,13.0],"tintindex":0,"rotation":0,"texture":"#0"},"up":{"uv":[13.5,3.25,12.25,3.0],"tintindex":0,"rotation":0,"texture":"#0"},"down":{"uv":[13.5,3.25,12.25,3.5],"tintindex":0,"rotation":0,"texture":"#0"}},"rotation":{"origin":[7.791667,13.7471,8.569225],"angle":-45.0,"axis":"x"}},{"from":[6.5017385,8.5,4.3318663],"to":[9.501739,13.0,5.8318663],"faces":{"east":{"uv":[12.125,7.125,12.5,8.25],"tintindex":0,"rotation":0,"texture":"#0"},"south":{"uv":[11.0,10.375,11.75,11.5],"tintindex":0,"rotation":0,"texture":"#0"},"north":{"uv":[10.875,6.5,11.625,7.625],"tintindex":0,"rotation":0,"texture":"#0"},"west":{"uv":[12.0,12.125,12.375,13.25],"tintindex":0,"rotation":0,"texture":"#0"},"up":{"uv":[3.625,12.75,2.875,12.375],"tintindex":0,"rotation":0,"texture":"#0"},"down":{"uv":[13.125,3.5,12.375,3.875],"tintindex":0,"rotation":0,"texture":"#0"}},"rotation":{"origin":[7.791667,13.7471,8.569225],"angle":22.5,"axis":"y"}},{"from":[0.25,14.5,10.5],"to":[3.25,17.0,13.0],"faces":{"east":{"uv":[12.875,1.25,12.25,1.875],"tintindex":0,"rotation":0,"texture":"#0"},"south":{"uv":[12.5,10.875,11.75,11.5],"tintindex":0,"rotation":0,"texture":"#0"},"north":{"uv":[12.5,10.25,11.75,10.875],"tintindex":0,"rotation":0,"texture":"#0"},"west":{"uv":[12.875,0.625,12.25,1.25],"tintindex":0,"rotation":0,"texture":"#0"},"up":{"uv":[11.75,12.125,12.5,11.5],"tintindex":0,"rotation":0,"texture":"#0"},"down":{"uv":[4.375,11.875,5.125,12.5],"tintindex":0,"rotation":0,"texture":"#0"}}},{"from":[1.75,13.790741,4.9365406],"to":[4.25,17.790741,13.436541],"faces":{"east":{"uv":[4.25,8.5,6.375,9.5],"tintindex":0,"rotation":0,"texture":"#0"},"south":{"uv":[5.75,11.5,6.375,12.5],"tintindex":0,"rotation":0,"texture":"#0"},"north":{"uv":[0.75,11.5,1.375,12.5],"tintindex":0,"rotation":0,"texture":"#0"},"west":{"uv":[8.75,7.5,10.875,8.5],"tintindex":0,"rotation":0,"texture":"#0"},"up":{"uv":[4.375,11.625,3.75,9.5],"tintindex":0,"rotation":0,"texture":"#0"},"down":{"uv":[5.0,9.5,4.375,11.625],"tintindex":0,"rotation":0,"texture":"#0"}},"rotation":{"origin":[7.791667,13.7471,8.569225],"angle":-45.0,"axis":"x"}},{"from":[11.25,13.790741,4.9365406],"to":[14.25,17.790741,13.436541],"faces":{"east":{"uv":[0.0,8.0,2.125,9.0],"tintindex":0,"rotation":0,"texture":"#0"},"south":{"uv":[0.0,11.5,0.75,12.5],"tintindex":0,"rotation":0,"texture":"#0"},"north":{"uv":[7.625,11.375,8.375,12.375],"tintindex":0,"rotation":0,"texture":"#0"},"west":{"uv":[2.125,8.5,4.25,9.5],"tintindex":0,"rotation":0,"texture":"#0"},"up":{"uv":[7.125,10.625,6.375,8.5],"tintindex":0,"rotation":0,"texture":"#0"},"down":{"uv":[7.875,9.25,7.125,11.375],"tintindex":0,"rotation":0,"texture":"#0"}},"rotation":{"origin":[7.791667,13.7471,8.569225],"angle":-45.0,"axis":"x"}},{"from":[5.75,7.1472573,10.775436],"to":[9.75,12.147257,14.275436],"faces":{"east":{"uv":[0.0,10.25,0.875,11.5],"tintindex":0,"rotation":0,"texture":"#0"},"south":{"uv":[9.625,6.25,10.625,7.5],"tintindex":0,"rotation":0,"texture":"#0"},"north":{"uv":[5.0,9.5,6.0,10.75],"tintindex":0,"rotation":0,"texture":"#0"},"west":{"uv":[8.625,10.375,9.5,11.625],"tintindex":0,"rotation":0,"texture":"#0"},"up":{"uv":[11.5,9.375,10.5,8.5],"tintindex":0,"rotation":0,"texture":"#0"},"down":{"uv":[7.0,10.625,6.0,11.5],"tintindex":0,"rotation":0,"texture":"#0"}},"rotation":{"origin":[7.791667,13.7471,8.569225],"angle":45.0,"axis":"x"}},{"from":[6.0046043,8.5,4.3637567],"to":[9.004604,13.0,5.8637567],"faces":{"east":{"uv":[3.0,6.25,3.375,7.375],"tintindex":0,"rotation":0,"texture":"#0"},"south":{"uv":[5.0,10.75,5.75,11.875],"tintindex":0,"rotation":0,"texture":"#0"},"north":{"uv":[10.75,2.5,11.5,3.625],"tintindex":0,"rotation":0,"texture":"#0"},"west":{"uv":[6.0,9.5,6.375,10.625],"tintindex":0,"rotation":0,"texture":"#0"},"up":{"uv":[2.125,12.75,1.375,12.375],"tintindex":0,"rotation":0,"texture":"#0"},"down":{"uv":[2.875,12.375,2.125,12.75],"tintindex":0,"rotation":0,"texture":"#0"}},"rotation":{"origin":[7.791667,13.7471,8.569225],"angle":-22.5,"axis":"y"}}]}