{"textures":{"0":"modelengine:entity/kindletronsr4"},"elements":[{"from":[5.0,-7.0,5.0],"to":[10.0,-3.0,11.0],"faces":{"east":{"uv":[9.625,6.25,8.875,6.75],"tintindex":0,"rotation":0,"texture":"#0"},"south":{"uv":[9.25,12.25,8.625,12.75],"tintindex":0,"rotation":0,"texture":"#0"},"north":{"uv":[2.125,9.0,1.5,9.5],"tintindex":0,"rotation":0,"texture":"#0"},"west":{"uv":[2.875,8.0,2.125,8.5],"tintindex":0,"rotation":0,"texture":"#0"},"up":{"uv":[6.375,12.25,7.0,11.5],"tintindex":0,"rotation":0,"texture":"#0"},"down":{"uv":[5.125,11.875,5.75,12.625],"tintindex":0,"rotation":0,"texture":"#0"}}},{"from":[5.0,-9.0,5.0],"to":[7.0,-7.0,7.0],"faces":{"east":{"uv":[7.5,12.625,7.25,12.875],"tintindex":0,"rotation":0,"texture":"#0"},"south":{"uv":[7.25,12.625,7.0,12.875],"tintindex":0,"rotation":0,"texture":"#0"},"north":{"uv":[12.875,5.875,12.625,6.125],"tintindex":0,"rotation":0,"texture":"#0"},"west":{"uv":[12.875,6.125,12.625,6.375],"tintindex":0,"rotation":0,"texture":"#0"},"up":{"uv":[12.625,8.5,12.875,8.25],"tintindex":0,"rotation":0,"texture":"#0"},"down":{"uv":[12.625,8.5,12.875,8.75],"tintindex":0,"rotation":0,"texture":"#0"}}},{"from":[7.2414207,-9.504164,5.0],"to":[9.241421,-6.5041637,7.0],"faces":{"east":{"uv":[5.5,12.625,5.25,13.0],"tintindex":0,"rotation":0,"texture":"#0"},"south":{"uv":[5.25,12.625,5.0,13.0],"tintindex":0,"rotation":0,"texture":"#0"},"north":{"uv":[12.75,11.375,12.5,11.75],"tintindex":0,"rotation":0,"texture":"#0"},"west":{"uv":[12.75,11.75,12.5,12.125],"tintindex":0,"rotation":0,"texture":"#0"},"up":{"uv":[12.625,12.875,12.875,12.625],"tintindex":0,"rotation":0,"texture":"#0"},"down":{"uv":[1.25,12.75,1.5,13.0],"tintindex":0,"rotation":0,"texture":"#0"}},"rotation":{"origin":[7.5121326,-5.1292896,7.6],"angle":45.0,"axis":"z"}},{"from":[5.0,-9.0,9.0],"to":[7.0,-7.0,11.0],"faces":{"east":{"uv":[10.0,12.625,9.75,12.875],"tintindex":0,"rotation":0,"texture":"#0"},"south":{"uv":[9.75,12.625,9.5,12.875],"tintindex":0,"rotation":0,"texture":"#0"},"north":{"uv":[12.875,8.75,12.625,9.0],"tintindex":0,"rotation":0,"texture":"#0"},"west":{"uv":[9.5,12.625,9.25,12.875],"tintindex":0,"rotation":0,"texture":"#0"},"up":{"uv":[12.625,12.375,12.875,12.125],"tintindex":0,"rotation":0,"texture":"#0"},"down":{"uv":[12.625,12.375,12.875,12.625],"tintindex":0,"rotation":0,"texture":"#0"}}},{"from":[5.0,-3.0,5.0],"to":[11.0,7.0,11.0],"faces":{"east":{"uv":[11.375,5.25,10.625,6.5],"tintindex":0,"rotation":0,"texture":"#0"},"south":{"uv":[11.375,4.0,10.625,5.25],"tintindex":0,"rotation":0,"texture":"#0"},"north":{"uv":[11.25,0.0,10.5,1.25],"tintindex":0,"rotation":0,"texture":"#0"},"west":{"uv":[11.25,1.25,10.5,2.5],"tintindex":0,"rotation":0,"texture":"#0"},"up":{"uv":[1.375,12.375,2.125,11.625],"tintindex":0,"rotation":0,"texture":"#0"},"down":{"uv":[2.125,11.625,2.875,12.375],"tintindex":0,"rotation":0,"texture":"#0"}}}]}