{"textures":{"0":"modelengine:entity/kindletronsr4"},"elements":[{"from":[6.0,4.0,10.0],"to":[9.0,8.0,12.0],"faces":{"east":{"uv":[4.625,12.5,4.375,13.0],"tintindex":0,"rotation":0,"texture":"#0"},"south":{"uv":[7.5,8.5,7.125,9.0],"tintindex":0,"rotation":0,"texture":"#0"},"north":{"uv":[7.75,0.75,7.375,1.25],"tintindex":0,"rotation":0,"texture":"#0"},"west":{"uv":[1.25,12.5,1.0,13.0],"tintindex":0,"rotation":0,"texture":"#0"},"up":{"uv":[12.5,8.0,12.875,7.75],"tintindex":0,"rotation":0,"texture":"#0"},"down":{"uv":[12.5,8.0,12.875,8.25],"tintindex":0,"rotation":0,"texture":"#0"}}},{"from":[6.0,0.9000001,8.0],"to":[9.0,8.0,10.0],"faces":{"east":{"uv":[11.625,12.25,11.375,13.125],"tintindex":0,"rotation":0,"texture":"#0"},"south":{"uv":[12.625,8.25,12.25,9.125],"tintindex":0,"rotation":0,"texture":"#0"},"north":{"uv":[6.75,12.25,6.375,13.125],"tintindex":0,"rotation":0,"texture":"#0"},"west":{"uv":[10.875,6.5,10.625,7.375],"tintindex":0,"rotation":0,"texture":"#0"},"up":{"uv":[12.5,7.5,12.875,7.25],"tintindex":0,"rotation":0,"texture":"#0"},"down":{"uv":[12.5,7.5,12.875,7.75],"tintindex":0,"rotation":0,"texture":"#0"}}}]}