{"textures":{"0":"modelengine:entity/kindletronsr4"},"elements":[{"from":[7.0,4.0,10.0],"to":[10.0,8.0,12.0],"faces":{"east":{"uv":[1.0,12.5,1.25,13.0],"tintindex":0,"rotation":0,"texture":"#0"},"south":{"uv":[7.125,8.5,7.5,9.0],"tintindex":0,"rotation":0,"texture":"#0"},"north":{"uv":[7.375,0.75,7.75,1.25],"tintindex":0,"rotation":0,"texture":"#0"},"west":{"uv":[4.375,12.5,4.625,13.0],"tintindex":0,"rotation":0,"texture":"#0"},"up":{"uv":[12.875,8.0,12.5,7.75],"tintindex":0,"rotation":0,"texture":"#0"},"down":{"uv":[12.875,8.0,12.5,8.25],"tintindex":0,"rotation":0,"texture":"#0"}}},{"from":[7.0,0.9000001,8.0],"to":[10.0,8.0,10.0],"faces":{"east":{"uv":[10.625,6.5,10.875,7.375],"tintindex":0,"rotation":0,"texture":"#0"},"south":{"uv":[12.25,8.25,12.625,9.125],"tintindex":0,"rotation":0,"texture":"#0"},"north":{"uv":[6.375,12.25,6.75,13.125],"tintindex":0,"rotation":0,"texture":"#0"},"west":{"uv":[11.375,12.25,11.625,13.125],"tintindex":0,"rotation":0,"texture":"#0"},"up":{"uv":[12.875,7.5,12.5,7.25],"tintindex":0,"rotation":0,"texture":"#0"},"down":{"uv":[12.875,7.5,12.5,7.75],"tintindex":0,"rotation":0,"texture":"#0"}}}]}