{"textures":{"0":"modelengine:entity/kindletronsr4"},"elements":[{"from":[6.5,2.5,6.5],"to":[9.5,7.5,9.5],"faces":{"east":{"uv":[10.5,1.25,11.25,2.5],"tintindex":0,"rotation":0,"texture":"#0"},"south":{"uv":[10.625,4.0,11.375,5.25],"tintindex":0,"rotation":0,"texture":"#0"},"north":{"uv":[10.5,0.0,11.25,1.25],"tintindex":0,"rotation":0,"texture":"#0"},"west":{"uv":[10.625,5.25,11.375,6.5],"tintindex":0,"rotation":0,"texture":"#0"},"up":{"uv":[2.125,12.375,1.375,11.625],"tintindex":0,"rotation":0,"texture":"#0"},"down":{"uv":[2.875,11.625,2.125,12.375],"tintindex":0,"rotation":0,"texture":"#0"}}},{"from":[7.5,-3.5,7.0],"to":[8.5,2.5,9.0],"faces":{"east":{"uv":[14.875,15.0,15.375,16.0],"tintindex":0,"rotation":0,"texture":"#0"},"south":{"uv":[2.5,15.0,2.75,16.0],"tintindex":0,"rotation":0,"texture":"#0"},"north":{"uv":[13.25,15.0,13.5,16.0],"tintindex":0,"rotation":0,"texture":"#0"},"west":{"uv":[0.625,15.0,1.125,16.0],"tintindex":0,"rotation":0,"texture":"#0"},"up":{"uv":[2.5,0.625,2.75,1.125],"tintindex":0,"rotation":0,"texture":"#0"},"down":{"uv":[2.5,14.875,2.75,15.375],"tintindex":0,"rotation":0,"texture":"#0"}}},{"from":[8.0,-6.0,4.0],"to":[8.0,2.0,12.0],"faces":{"east":{"uv":[10.875,14.0,12.875,16.0],"tintindex":0,"rotation":0,"texture":"#0"},"south":{"uv":[9.625,15.5,10.25,16.0],"tintindex":0,"rotation":0,"texture":"#0"},"north":{"uv":[10.0,15.5,10.625,16.0],"tintindex":0,"rotation":0,"texture":"#0"},"west":{"uv":[10.875,14.0,12.875,16.0],"tintindex":0,"rotation":0,"texture":"#0"},"up":{"uv":[10.0,16.0,9.375,15.25],"tintindex":0,"rotation":0,"texture":"#0"},"down":{"uv":[9.875,15.25,9.25,16.0],"tintindex":0,"rotation":0,"texture":"#0"}}}]}