{
	"credit": "Made with Blockbench",
	"textures": {
		"2": "block/color/cauldron_inner",
		"3": "block/color/gold_one",
		"5": "block/color/wood_eleven"
	},
	"elements": [
		{
			"name": "stock",
			"from": [7.1, 0.75, 13.5],
			"to": [8.9, 3.75, 21.5],
			"faces": {
				"north": {"uv": [2, 0, 3, 1], "rotation": 180, "texture": "#5"},
				"east": {"uv": [2, 0, 3, 1], "rotation": 90, "texture": "#5"},
				"south": {"uv": [2, 0, 3, 1], "texture": "#5"},
				"west": {"uv": [2, 0, 3, 1], "rotation": 270, "texture": "#5"},
				"up": {"uv": [2, 0, 3, 1], "texture": "#5"},
				"down": {"uv": [2, 0, 3, 1], "rotation": 180, "texture": "#5"}
			}
		},
		{
			"name": "stock",
			"from": [7.1, -2, 8],
			"to": [8.9, 6, 11],
			"rotation": {"angle": -45, "axis": "x", "origin": [8, 6, 10]},
			"faces": {
				"north": {"uv": [2, 0, 3, 1], "texture": "#5"},
				"east": {"uv": [2, 0, 3, 1], "texture": "#5"},
				"south": {"uv": [2, 0, 3, 1], "texture": "#5"},
				"west": {"uv": [2, 0, 3, 1], "texture": "#5"},
				"up": {"uv": [2, 0, 3, 1], "texture": "#5"},
				"down": {"uv": [2, 0, 3, 1], "texture": "#5"}
			}
		},
		{
			"name": "gold",
			"from": [7, 4.25, 4.25],
			"to": [9, 6.5, 6],
			"faces": {
				"north": {"uv": [1, 3, 2, 4], "texture": "#3"},
				"east": {"uv": [1, 3, 2, 4], "texture": "#3"},
				"south": {"uv": [1, 3, 2, 4], "texture": "#3"},
				"west": {"uv": [1, 3, 2, 4], "texture": "#3"},
				"up": {"uv": [1, 3, 2, 4], "texture": "#3"},
				"down": {"uv": [1, 3, 2, 4], "texture": "#3"}
			}
		},
		{
			"name": "gold",
			"from": [7.25, 6.5, 4.5],
			"to": [8.75, 6.75, 11.5],
			"faces": {
				"north": {"uv": [1, 3, 2, 4], "texture": "#3"},
				"east": {"uv": [1, 3, 2, 4], "texture": "#3"},
				"south": {"uv": [1, 3, 2, 4], "texture": "#3"},
				"west": {"uv": [1, 3, 2, 4], "texture": "#3"},
				"up": {"uv": [1, 3, 2, 4], "texture": "#3"},
				"down": {"uv": [1, 3, 2, 4], "texture": "#3"}
			}
		},
		{
			"name": "gold",
			"from": [7, 3.5, 6],
			"to": [9, 6.5, 11.5],
			"faces": {
				"north": {"uv": [1, 3, 2, 4], "texture": "#3"},
				"east": {"uv": [1, 3, 2, 4], "texture": "#3"},
				"south": {"uv": [1, 3, 2, 4], "texture": "#3"},
				"west": {"uv": [1, 3, 2, 4], "texture": "#3"},
				"up": {"uv": [1, 3, 2, 4], "texture": "#3"},
				"down": {"uv": [1, 3, 2, 4], "texture": "#3"}
			}
		},
		{
			"name": "barrel",
			"from": [7.5, 5.15, -10],
			"to": [8.5, 6.4, 4.5],
			"faces": {
				"north": {"uv": [8, 15, 9, 16], "texture": "#2"},
				"east": {"uv": [8, 15, 9, 16], "texture": "#2"},
				"south": {"uv": [8, 15, 9, 16], "texture": "#2"},
				"west": {"uv": [8, 15, 9, 16], "texture": "#2"},
				"up": {"uv": [8, 15, 9, 16], "texture": "#2"},
				"down": {"uv": [8, 15, 9, 16], "texture": "#2"}
			}
		},
		{
			"name": "barrel",
			"from": [7.75, 4.4, -10],
			"to": [8.25, 5.15, 4.5],
			"faces": {
				"north": {"uv": [8, 15, 9, 16], "texture": "#2"},
				"east": {"uv": [8, 15, 9, 16], "texture": "#2"},
				"south": {"uv": [8, 15, 9, 16], "texture": "#2"},
				"west": {"uv": [8, 15, 9, 16], "texture": "#2"},
				"up": {"uv": [8, 15, 9, 16], "texture": "#2"},
				"down": {"uv": [8, 15, 9, 16], "texture": "#2"}
			}
		},
		{
			"name": "trigger",
			"from": [7.5, 0, 4],
			"to": [8.5, 6.75, 5],
			"rotation": {"angle": -45, "axis": "x", "origin": [8, 8, 8]},
			"faces": {
				"north": {"uv": [10, 14, 11, 15], "texture": "#2"},
				"east": {"uv": [10, 14, 11, 15], "texture": "#2"},
				"south": {"uv": [10, 14, 11, 15], "texture": "#2"},
				"west": {"uv": [10, 14, 11, 15], "texture": "#2"},
				"up": {"uv": [10, 14, 11, 15], "texture": "#2"},
				"down": {"uv": [10, 14, 11, 15], "texture": "#2"}
			}
		},
		{
			"name": "backhandle",
			"from": [7.5, 4, 16],
			"to": [8.5, 6, 17],
			"rotation": {"angle": 45, "axis": "x", "origin": [8, 8, 8]},
			"faces": {
				"north": {"uv": [10, 14, 11, 15], "texture": "#2"},
				"east": {"uv": [10, 14, 11, 15], "texture": "#2"},
				"south": {"uv": [10, 14, 11, 15], "texture": "#2"},
				"west": {"uv": [10, 14, 11, 15], "texture": "#2"},
				"up": {"uv": [10, 14, 11, 15], "texture": "#2"},
				"down": {"uv": [10, 14, 11, 15], "texture": "#2"}
			}
		}
	],
	"display": {
		"thirdperson_righthand": {
			"translation": [0, 2.75, -1.5],
			"scale": [0.7, 0.7, 0.7]
		},
		"thirdperson_lefthand": {
			"translation": [0.25, 2.5, -2],
			"scale": [0.7, 0.7, 0.7]
		},
		"firstperson_righthand": {
			"translation": [-9, 8.75, 0]
		},
		"firstperson_lefthand": {
			"translation": [-9, 8.75, 0]
		},
		"ground": {
			"rotation": [-28, 0, 0],
			"translation": [0, 6.5, 0]
		},
		"gui": {
			"rotation": [45, -50, 0],
			"translation": [0, 3, 0],
			"scale": [0.6, 0.6, 0.6]
		},
		"fixed": {
			"rotation": [-97, 132, 99],
			"translation": [3.5, 3.25, -0.75]
		}
	}
}