{
	"credit": "Made with Blockbench",
	"textures": {
		"0": "block/color/graymedium_three",
		"1": "block/color/lightgray_two",
		"2": "block/color/gray_two",
		"3": "block/color/wood_three",
		"4": "block/color/black",
		"particle": "block/color/graymedium_three"
	},
	"elements": [
		{
			"name": "hexadecagon",
			"from": [0.54, 9.81237, 7.17],
			"to": [9.32, 9.94763, 7.29],
			"rotation": {"angle": -45, "axis": "x", "origin": [0.88, 9.88, 7.51]},
			"faces": {
				"north": {"uv": [0, 0, 1, 1], "texture": "#2"},
				"east": {"uv": [0, 0, 1, 1], "texture": "#2"},
				"south": {"uv": [0, 0, 1, 1], "texture": "#4"},
				"west": {"uv": [0, 0, 1, 1], "texture": "#2"}
			}
		},
		{
			"name": "hexadecagon",
			"from": [0.54, 9.81237, 7.17],
			"to": [9.32, 9.94763, 7.29],
			"rotation": {"angle": -22.5, "axis": "x", "origin": [0.88, 9.88, 7.51]},
			"faces": {
				"north": {"uv": [0, 0, 1, 1], "texture": "#2"},
				"south": {"uv": [0, 0, 1, 1], "texture": "#4"},
				"west": {"uv": [0, 0, 1, 1], "texture": "#2"}
			}
		},
		{
			"name": "hexadecagon",
			"from": [0.54, 9.81237, 7.17],
			"to": [9.32, 9.94763, 7.29],
			"rotation": {"angle": 0, "axis": "x", "origin": [0.88, 9.88, 7.51]},
			"faces": {
				"north": {"uv": [0, 0, 1, 1], "texture": "#2"},
				"east": {"uv": [0, 0, 1, 1], "texture": "#2"},
				"south": {"uv": [0, 0, 1, 1], "texture": "#4"},
				"west": {"uv": [0, 0, 1, 1], "texture": "#2"}
			}
		},
		{
			"name": "hexadecagon",
			"from": [0.54, 9.81237, 7.17],
			"to": [9.32, 9.94763, 7.29],
			"rotation": {"angle": 22.5, "axis": "x", "origin": [0.88, 9.88, 7.51]},
			"faces": {
				"north": {"uv": [0, 0, 1, 1], "texture": "#2"},
				"east": {"uv": [0, 0, 1, 1], "texture": "#2"},
				"south": {"uv": [0, 0, 1, 1], "texture": "#4"},
				"west": {"uv": [0, 0, 1, 1], "texture": "#2"}
			}
		},
		{
			"name": "hexadecagon",
			"from": [0.54, 9.81237, 7.17],
			"to": [9.32, 9.94763, 7.29],
			"rotation": {"angle": 45, "axis": "x", "origin": [0.88, 9.88, 7.51]},
			"faces": {
				"north": {"uv": [0, 0, 1, 1], "texture": "#2"},
				"east": {"uv": [0, 0, 1, 1], "texture": "#2"},
				"south": {"uv": [0, 0, 1, 1], "texture": "#4"},
				"west": {"uv": [0, 0, 1, 1], "texture": "#2"}
			}
		},
		{
			"name": "hexadecagon",
			"from": [0.54, 9.81237, 7.73],
			"to": [9.32, 9.94763, 7.85],
			"rotation": {"angle": -45, "axis": "x", "origin": [0.88, 9.88, 7.51]},
			"faces": {
				"north": {"uv": [0, 0, 1, 1], "texture": "#4"},
				"east": {"uv": [0, 0, 1, 1], "texture": "#2"},
				"south": {"uv": [0, 0, 1, 1], "texture": "#2"},
				"west": {"uv": [0, 0, 1, 1], "texture": "#2"}
			}
		},
		{
			"name": "hexadecagon",
			"from": [0.54, 9.81237, 7.73],
			"to": [9.32, 9.94763, 7.85],
			"rotation": {"angle": -22.5, "axis": "x", "origin": [0.88, 9.88, 7.51]},
			"faces": {
				"north": {"uv": [0, 0, 1, 1], "texture": "#4"},
				"east": {"uv": [0, 0, 1, 1], "texture": "#2"},
				"south": {"uv": [0, 0, 1, 1], "texture": "#2"},
				"west": {"uv": [0, 0, 1, 1], "texture": "#2"}
			}
		},
		{
			"name": "hexadecagon",
			"from": [0.54, 9.81237, 7.73],
			"to": [9.32, 9.94763, 7.85],
			"rotation": {"angle": 0, "axis": "x", "origin": [0.88, 9.88, 7.51]},
			"faces": {
				"north": {"uv": [0, 0, 1, 1], "texture": "#4"},
				"east": {"uv": [0, 0, 1, 1], "texture": "#2"},
				"south": {"uv": [0, 0, 1, 1], "texture": "#2"},
				"west": {"uv": [0, 0, 1, 1], "texture": "#2"}
			}
		},
		{
			"name": "hexadecagon",
			"from": [0.54, 9.81237, 7.73],
			"to": [9.32, 9.94763, 7.85],
			"rotation": {"angle": 22.5, "axis": "x", "origin": [0.88, 9.88, 7.51]},
			"faces": {
				"north": {"uv": [0, 0, 1, 1], "texture": "#4"},
				"south": {"uv": [0, 0, 1, 1], "texture": "#2"},
				"west": {"uv": [0, 0, 1, 1], "texture": "#2"}
			}
		},
		{
			"name": "hexadecagon",
			"from": [0.54, 9.81237, 7.73],
			"to": [9.32, 9.94763, 7.85],
			"rotation": {"angle": 45, "axis": "x", "origin": [0.88, 9.88, 7.51]},
			"faces": {
				"north": {"uv": [0, 0, 1, 1], "texture": "#4"},
				"east": {"uv": [0, 0, 1, 1], "texture": "#2"},
				"south": {"uv": [0, 0, 1, 1], "texture": "#2"},
				"west": {"uv": [0, 0, 1, 1], "texture": "#2"}
			}
		},
		{
			"name": "hexadecagon",
			"from": [0.54, 9.54, 7.44237],
			"to": [9.32, 9.66, 7.57763],
			"rotation": {"angle": -22.5, "axis": "x", "origin": [0.88, 9.88, 7.51]},
			"faces": {
				"east": {"uv": [0, 0, 1, 1], "texture": "#2"},
				"west": {"uv": [0, 0, 1, 1], "texture": "#2"},
				"up": {"uv": [0, 0, 1, 1], "texture": "#4"},
				"down": {"uv": [0, 0, 1, 1], "texture": "#2"}
			}
		},
		{
			"name": "hexadecagon",
			"from": [0.54, 9.54, 7.44237],
			"to": [9.32, 9.66, 7.57763],
			"rotation": {"angle": 0, "axis": "x", "origin": [0.88, 9.88, 7.51]},
			"faces": {
				"west": {"uv": [0, 0, 1, 1], "texture": "#2"},
				"up": {"uv": [0, 0, 1, 1], "texture": "#4"},
				"down": {"uv": [0, 0, 1, 1], "texture": "#2"}
			}
		},
		{
			"name": "hexadecagon",
			"from": [0.54, 9.54, 7.44237],
			"to": [9.32, 9.66, 7.57763],
			"rotation": {"angle": 22.5, "axis": "x", "origin": [0.88, 9.88, 7.51]},
			"faces": {
				"east": {"uv": [0, 0, 1, 1], "texture": "#2"},
				"west": {"uv": [0, 0, 1, 1], "texture": "#2"},
				"up": {"uv": [0, 0, 1, 1], "texture": "#4"},
				"down": {"uv": [0, 0, 1, 1], "texture": "#2"}
			}
		},
		{
			"name": "hexadecagon",
			"from": [0.54, 10.1, 7.44237],
			"to": [9.32, 10.22, 7.57763],
			"rotation": {"angle": -22.5, "axis": "x", "origin": [0.88, 9.88, 7.51]},
			"faces": {
				"east": {"uv": [0, 0, 1, 1], "texture": "#2"},
				"west": {"uv": [0, 0, 1, 1], "texture": "#2"},
				"up": {"uv": [0, 0, 1, 1], "texture": "#2"},
				"down": {"uv": [0, 0, 1, 1], "texture": "#4"}
			}
		},
		{
			"name": "hexadecagon",
			"from": [0.54, 10.1, 7.44237],
			"to": [9.32, 10.22, 7.57763],
			"rotation": {"angle": 0, "axis": "x", "origin": [0.88, 9.88, 7.51]},
			"faces": {
				"west": {"uv": [0, 0, 1, 1], "texture": "#2"},
				"up": {"uv": [0, 0, 1, 1], "texture": "#2"},
				"down": {"uv": [0, 0, 1, 1], "texture": "#4"}
			}
		},
		{
			"name": "hexadecagon",
			"from": [0.54, 10.1, 7.44237],
			"to": [9.32, 10.22, 7.57763],
			"rotation": {"angle": 22.5, "axis": "x", "origin": [0.88, 9.88, 7.51]},
			"faces": {
				"east": {"uv": [0, 0, 1, 1], "texture": "#2"},
				"west": {"uv": [0, 0, 1, 1], "texture": "#2"},
				"up": {"uv": [0, 0, 1, 1], "texture": "#2"},
				"down": {"uv": [0, 0, 1, 1], "texture": "#4"}
			}
		},
		{
			"from": [0.96, 10.2, 7.45],
			"to": [1.06, 10.3, 7.55],
			"rotation": {"angle": 0, "axis": "y", "origin": [0, 0, 6.83]},
			"faces": {
				"north": {"uv": [0, 0, 0.1, 0.1], "texture": "#2"},
				"east": {"uv": [0, 0, 0.1, 0.1], "texture": "#2"},
				"south": {"uv": [0, 0, 0.1, 0.1], "texture": "#2"},
				"west": {"uv": [0, 0, 0.1, 0.1], "texture": "#2"},
				"up": {"uv": [0, 0, 0.1, 0.1], "texture": "#2"},
				"down": {"uv": [0, 0, 0.1, 0.1], "texture": "#2"}
			}
		},
		{
			"name": "hexadecagon",
			"from": [1.52, 9.29624, 7.29],
			"to": [6.66, 9.38376, 7.73],
			"rotation": {"angle": -45, "axis": "x", "origin": [1.74, 9.34, 7.51]},
			"faces": {
				"north": {"uv": [0, 0, 1, 1], "texture": "#2"},
				"east": {"uv": [0, 0, 1, 1], "texture": "#2"},
				"south": {"uv": [0, 0, 1, 1], "texture": "#2"},
				"west": {"uv": [0, 0, 1, 1], "texture": "#2"}
			}
		},
		{
			"name": "hexadecagon",
			"from": [1.52, 9.29624, 7.29],
			"to": [6.66, 9.38376, 7.73],
			"rotation": {"angle": -22.5, "axis": "x", "origin": [1.74, 9.34, 7.51]},
			"faces": {
				"north": {"uv": [0, 0, 1, 1], "texture": "#2"},
				"east": {"uv": [0, 0, 1, 1], "texture": "#2"},
				"south": {"uv": [0, 0, 1, 1], "texture": "#2"},
				"west": {"uv": [0, 0, 1, 1], "texture": "#2"}
			}
		},
		{
			"name": "hexadecagon",
			"from": [1.52, 9.29624, 7.29],
			"to": [6.66, 9.38376, 7.73],
			"rotation": {"angle": 0, "axis": "x", "origin": [1.74, 9.34, 7.51]},
			"faces": {
				"north": {"uv": [0, 0, 1, 1], "texture": "#2"},
				"south": {"uv": [0, 0, 1, 1], "texture": "#2"}
			}
		},
		{
			"name": "hexadecagon",
			"from": [1.52, 9.29624, 7.29],
			"to": [6.66, 9.38376, 7.73],
			"rotation": {"angle": 22.5, "axis": "x", "origin": [1.74, 9.34, 7.51]},
			"faces": {
				"north": {"uv": [0, 0, 1, 1], "texture": "#2"},
				"east": {"uv": [0, 0, 1, 1], "texture": "#2"},
				"south": {"uv": [0, 0, 1, 1], "texture": "#2"},
				"west": {"uv": [0, 0, 1, 1], "texture": "#2"}
			}
		},
		{
			"name": "hexadecagon",
			"from": [1.52, 9.29624, 7.29],
			"to": [6.66, 9.38376, 7.73],
			"rotation": {"angle": 45, "axis": "x", "origin": [1.74, 9.34, 7.51]},
			"faces": {
				"north": {"uv": [0, 0, 1, 1], "texture": "#2"},
				"east": {"uv": [0, 0, 1, 1], "texture": "#2"},
				"south": {"uv": [0, 0, 1, 1], "texture": "#2"},
				"west": {"uv": [0, 0, 1, 1], "texture": "#2"}
			}
		},
		{
			"name": "hexadecagon",
			"from": [1.52, 9.12, 7.46624],
			"to": [6.66, 9.56, 7.55376],
			"rotation": {"angle": -22.5, "axis": "x", "origin": [1.74, 9.34, 7.51]},
			"faces": {
				"east": {"uv": [0, 0, 1, 1], "texture": "#2"},
				"west": {"uv": [0, 0, 1, 1], "texture": "#2"},
				"up": {"uv": [0, 0, 1, 1], "texture": "#2"},
				"down": {"uv": [0, 0, 1, 1], "texture": "#2"}
			}
		},
		{
			"name": "hexadecagon",
			"from": [1.52, 9.12, 7.46624],
			"to": [6.66, 9.56, 7.55376],
			"rotation": {"angle": 0, "axis": "x", "origin": [1.74, 9.34, 7.51]},
			"faces": {
				"down": {"uv": [0, 0, 1, 1], "texture": "#2"}
			}
		},
		{
			"name": "hexadecagon",
			"from": [1.52, 9.12, 7.46624],
			"to": [6.66, 9.56, 7.55376],
			"rotation": {"angle": 22.5, "axis": "x", "origin": [1.74, 9.34, 7.51]},
			"faces": {
				"east": {"uv": [0, 0, 1, 1], "texture": "#2"},
				"west": {"uv": [0, 0, 1, 1], "texture": "#2"},
				"up": {"uv": [0, 0, 1, 1], "texture": "#2"},
				"down": {"uv": [0, 0, 1, 1], "texture": "#2"}
			}
		},
		{
			"from": [0.9, 9.14, 7.33],
			"to": [1.6, 9.6, 7.69],
			"rotation": {"angle": 0, "axis": "y", "origin": [1.2, 8.8, 7.65]},
			"faces": {
				"north": {"uv": [0, 0, 0.7, 0.46], "texture": "#2"},
				"east": {"uv": [0, 0, 0.36, 0.46], "texture": "#2"},
				"south": {"uv": [0, 0, 0.7, 0.46], "texture": "#2"},
				"west": {"uv": [0, 0, 0.36, 0.46], "texture": "#2"},
				"up": {"uv": [0, 0, 0.7, 0.36], "texture": "#2"},
				"down": {"uv": [0, 0, 0.7, 0.36], "texture": "#2"}
			}
		},
		{
			"name": "hexadecagon",
			"from": [9.295, 9.17595, 6.635],
			"to": [11.445, 9.52405, 8.385],
			"rotation": {"angle": -45, "axis": "x", "origin": [10.25, 9.35, 7.51]},
			"faces": {
				"north": {"uv": [0, 0, 1, 1], "texture": "#1"},
				"east": {"uv": [0, 0, 1, 1], "texture": "#1"},
				"south": {"uv": [0, 0, 1, 1], "texture": "#1"},
				"west": {"uv": [0, 0, 1, 1], "texture": "#1"}
			}
		},
		{
			"name": "hexadecagon",
			"from": [9.295, 9.17595, 6.635],
			"to": [11.445, 9.52405, 8.385],
			"rotation": {"angle": -22.5, "axis": "x", "origin": [10.25, 9.35, 7.51]},
			"faces": {
				"north": {"uv": [0, 0, 1, 1], "texture": "#1"},
				"east": {"uv": [0, 0, 1, 1], "texture": "#1"},
				"south": {"uv": [0, 0, 1, 1], "texture": "#1"},
				"west": {"uv": [0, 0, 1, 1], "texture": "#1"}
			}
		},
		{
			"name": "hexadecagon",
			"from": [9.295, 9.17595, 6.635],
			"to": [11.445, 9.52405, 8.385],
			"rotation": {"angle": 0, "axis": "x", "origin": [10.25, 9.35, 7.51]},
			"faces": {
				"north": {"uv": [0, 0, 1, 1], "texture": "#1"},
				"east": {"uv": [0, 0, 1, 1], "texture": "#1"},
				"south": {"uv": [0, 0, 1, 1], "texture": "#1"},
				"west": {"uv": [0, 0, 1, 1], "texture": "#1"}
			}
		},
		{
			"name": "hexadecagon",
			"from": [9.295, 9.17595, 6.635],
			"to": [11.445, 9.52405, 8.385],
			"rotation": {"angle": 22.5, "axis": "x", "origin": [10.25, 9.35, 7.51]},
			"faces": {
				"north": {"uv": [0, 0, 1, 1], "texture": "#1"},
				"east": {"uv": [0, 0, 1, 1], "texture": "#1"},
				"south": {"uv": [0, 0, 1, 1], "texture": "#1"},
				"west": {"uv": [0, 0, 1, 1], "texture": "#1"}
			}
		},
		{
			"name": "hexadecagon",
			"from": [9.295, 9.17595, 6.635],
			"to": [11.445, 9.52405, 8.385],
			"rotation": {"angle": 45, "axis": "x", "origin": [10.25, 9.35, 7.51]},
			"faces": {
				"north": {"uv": [0, 0, 1, 1], "texture": "#1"},
				"east": {"uv": [0, 0, 1, 1], "texture": "#1"},
				"south": {"uv": [0, 0, 1, 1], "texture": "#1"},
				"west": {"uv": [0, 0, 1, 1], "texture": "#1"}
			}
		},
		{
			"name": "hexadecagon",
			"from": [9.295, 8.475, 7.33595],
			"to": [11.445, 10.225, 7.68405],
			"rotation": {"angle": -22.5, "axis": "x", "origin": [10.25, 9.35, 7.51]},
			"faces": {
				"east": {"uv": [0, 0, 1, 1], "texture": "#1"},
				"west": {"uv": [0, 0, 1, 1], "texture": "#1"},
				"up": {"uv": [0, 0, 1, 1], "texture": "#1"},
				"down": {"uv": [0, 0, 1, 1], "texture": "#1"}
			}
		},
		{
			"name": "hexadecagon",
			"from": [9.295, 8.475, 7.33595],
			"to": [11.445, 10.225, 7.68405],
			"rotation": {"angle": 0, "axis": "x", "origin": [10.25, 9.35, 7.51]},
			"faces": {
				"east": {"uv": [0, 0, 1, 1], "texture": "#1"},
				"west": {"uv": [0, 0, 1, 1], "texture": "#1"},
				"up": {"uv": [0, 0, 1, 1], "texture": "#1"}
			}
		},
		{
			"name": "hexadecagon",
			"from": [9.295, 8.475, 7.33595],
			"to": [11.445, 10.225, 7.68405],
			"rotation": {"angle": 22.5, "axis": "x", "origin": [10.25, 9.35, 7.51]},
			"faces": {
				"east": {"uv": [0, 0, 1, 1], "texture": "#1"},
				"west": {"uv": [0, 0, 1, 1], "texture": "#1"},
				"up": {"uv": [0, 0, 1, 1], "texture": "#1"},
				"down": {"uv": [0, 0, 1, 1], "texture": "#1"}
			}
		},
		{
			"from": [6.3, 8.5, 7.22],
			"to": [9.3, 9.6, 7.82],
			"rotation": {"angle": 0, "axis": "y", "origin": [0, 0, 7]},
			"faces": {
				"north": {"uv": [0, 0, 3, 1.1], "texture": "#1"},
				"east": {"uv": [0, 0, 0.6, 1.1], "texture": "#2"},
				"south": {"uv": [0, 0, 16, 16], "texture": "#1"},
				"west": {"uv": [0, 0, 0.6, 1.1], "texture": "#2"},
				"up": {"uv": [0, 0, 3, 0.6], "texture": "#2"},
				"down": {"uv": [0, 0, 3, 0.6], "texture": "#2"}
			}
		},
		{
			"from": [11.4, 8.5, 7],
			"to": [12.3, 9.4, 8],
			"rotation": {"angle": 0, "axis": "y", "origin": [0, 0, 7]},
			"faces": {
				"north": {"uv": [0, 0, 0.9, 0.9], "texture": "#0"},
				"east": {"uv": [0, 0, 1, 0.9], "texture": "#0"},
				"south": {"uv": [0, 0, 0.9, 0.9], "texture": "#0"},
				"west": {"uv": [0, 0, 1, 0.9], "texture": "#0"}
			}
		},
		{
			"from": [10.87, 8.91, 7],
			"to": [12.07, 9.81, 8],
			"rotation": {"angle": -45, "axis": "z", "origin": [11.67, 9.26, 8]},
			"faces": {
				"north": {"uv": [0, 0, 0.9, 1.2], "rotation": 90, "texture": "#0"},
				"east": {"uv": [0, 0, 0.9, 1], "rotation": 270, "texture": "#0"},
				"south": {"uv": [0, 0, 0.9, 1.2], "rotation": 270, "texture": "#0"},
				"west": {"uv": [0, 0, 0.9, 1], "rotation": 270, "texture": "#0"},
				"up": {"uv": [0, 0, 1, 1.2], "rotation": 270, "texture": "#0"},
				"down": {"uv": [0, 0, 1, 1.2], "rotation": 270, "texture": "#0"}
			}
		},
		{
			"from": [11.66181, 6.86866, 7],
			"to": [12.86181, 8.86866, 8],
			"rotation": {"angle": 45, "axis": "z", "origin": [11.66181, 7.86866, 8.08]},
			"faces": {
				"north": {"uv": [0, 0, 1.2, 2], "texture": "#0"},
				"east": {"uv": [0, 0, 1, 2], "texture": "#0"},
				"south": {"uv": [0, 0, 1.2, 2], "texture": "#0"},
				"west": {"uv": [0, 0, 1, 2], "texture": "#0"},
				"up": {"uv": [0, 0, 1.2, 1], "texture": "#0"}
			}
		},
		{
			"from": [9.4, 8, 7.23],
			"to": [13.5, 8.4, 7.83],
			"rotation": {"angle": 0, "axis": "z", "origin": [6.1, 7.4, 8]},
			"faces": {
				"north": {"uv": [0, 0, 4.1, 0.4], "texture": "#0"},
				"east": {"uv": [0, 0, 0.6, 0.4], "texture": "#0"},
				"south": {"uv": [0, 0, 4.1, 0.4], "texture": "#0"},
				"west": {"uv": [0, 0, 0.6, 0.4], "texture": "#0"},
				"up": {"uv": [0, 0, 4.1, 0.6], "texture": "#0"},
				"down": {"uv": [0, 0, 4.1, 0.6], "texture": "#0"}
			}
		},
		{
			"from": [10.4, 7.7, 7.23],
			"to": [14.1, 8.1, 7.83],
			"rotation": {"angle": 0, "axis": "z", "origin": [6.1, 7.4, 8]},
			"faces": {
				"north": {"uv": [0, 0, 3.7, 0.4], "texture": "#0"},
				"south": {"uv": [0, 0, 3.7, 0.4], "texture": "#0"},
				"west": {"uv": [0, 0, 0.6, 0.4], "texture": "#0"},
				"down": {"uv": [0, 0, 3.7, 0.6], "texture": "#0"}
			}
		},
		{
			"from": [13.56507, 5.95115, 6.93],
			"to": [14.86507, 8.53115, 8.08],
			"rotation": {"angle": 45, "axis": "z", "origin": [14.52007, 6.96115, 7.93]},
			"faces": {
				"north": {"uv": [0, 0, 2.58, 1.3], "rotation": 270, "texture": "#3"},
				"east": {"uv": [0, 0, 2.58, 1.15], "rotation": 90, "texture": "#3"},
				"south": {"uv": [0, 0, 2.58, 1.3], "rotation": 90, "texture": "#3"},
				"down": {"uv": [0, 0, 1.15, 1.3], "rotation": 90, "texture": "#3"}
			}
		},
		{
			"from": [13.69507, 4.72115, 6.93],
			"to": [15.34507, 6.74115, 8.08],
			"rotation": {"angle": 0, "axis": "z", "origin": [15.28507, 6.31115, 7.93]},
			"faces": {
				"north": {"uv": [0, 0, 2.02, 1.65], "rotation": 270, "texture": "#3"},
				"east": {"uv": [0, 0, 2.02, 1.15], "rotation": 90, "texture": "#3"},
				"south": {"uv": [0, 0, 2.02, 1.65], "rotation": 90, "texture": "#3"},
				"up": {"uv": [0, 0, 1.15, 1.65], "rotation": 90, "texture": "#3"},
				"down": {"uv": [0, 0, 1.15, 1.65], "rotation": 90, "texture": "#2"}
			}
		},
		{
			"from": [13.40507, 4.70115, 6.93],
			"to": [13.80507, 6.72115, 8.08],
			"rotation": {"angle": 0, "axis": "z", "origin": [15.28507, 6.31115, 7.93]},
			"faces": {
				"north": {"uv": [0, 0, 2.02, 0.4], "rotation": 270, "texture": "#3"},
				"east": {"uv": [0, 0, 2.02, 1.15], "rotation": 90, "texture": "#3"},
				"south": {"uv": [0, 0, 2.02, 0.4], "rotation": 90, "texture": "#3"},
				"west": {"uv": [0, 0, 2.02, 1.15], "rotation": 90, "texture": "#3"},
				"down": {"uv": [0, 0, 1.15, 0.4], "rotation": 90, "texture": "#2"}
			}
		},
		{
			"from": [15.34507, 4.76115, 6.93],
			"to": [15.74507, 5.74115, 8.08],
			"rotation": {"angle": 0, "axis": "z", "origin": [15.28507, 6.31115, 7.93]},
			"faces": {
				"north": {"uv": [0, 0, 0.98, 0.4], "rotation": 270, "texture": "#3"},
				"east": {"uv": [0, 0, 0.98, 1.15], "rotation": 90, "texture": "#3"},
				"south": {"uv": [0, 0, 0.98, 0.4], "rotation": 90, "texture": "#3"},
				"up": {"uv": [0, 0, 1.15, 0.4], "rotation": 90, "texture": "#3"},
				"down": {"uv": [0, 0, 1.15, 0.4], "rotation": 90, "texture": "#2"}
			}
		},
		{
			"from": [13.09585, 5.88035, 6.93],
			"to": [13.49585, 7.38035, 8.08],
			"rotation": {"angle": 22.5, "axis": "z", "origin": [14.56585, 7.42035, 7.93]},
			"faces": {
				"north": {"uv": [0, 0, 1.5, 0.4], "rotation": 270, "texture": "#3"},
				"south": {"uv": [0, 0, 1.5, 0.4], "rotation": 90, "texture": "#3"},
				"west": {"uv": [0, 0, 1.5, 1.15], "rotation": 90, "texture": "#3"}
			}
		},
		{
			"from": [14.60585, 5.37035, 6.93],
			"to": [15.00585, 6.87035, 8.08],
			"rotation": {"angle": 22.5, "axis": "z", "origin": [14.56585, 7.42035, 7.93]},
			"faces": {
				"north": {"uv": [0, 0, 1.5, 0.4], "rotation": 270, "texture": "#3"},
				"east": {"uv": [0, 0, 1.5, 1.15], "rotation": 90, "texture": "#3"},
				"south": {"uv": [0, 0, 1.5, 0.4], "rotation": 90, "texture": "#3"},
				"down": {"uv": [0, 0, 1.15, 0.4], "rotation": 90, "texture": "#3"}
			}
		},
		{
			"from": [12.81238, 6.84814, 6.93],
			"to": [13.21238, 8.34814, 8.08],
			"rotation": {"angle": 45, "axis": "z", "origin": [13.92238, 7.49814, 7.93]},
			"faces": {
				"north": {"uv": [0, 0, 1.5, 0.4], "rotation": 270, "texture": "#3"},
				"south": {"uv": [0, 0, 1.5, 0.4], "rotation": 90, "texture": "#3"},
				"west": {"uv": [0, 0, 1.5, 1.15], "rotation": 90, "texture": "#3"}
			}
		},
		{
			"from": [14.12238, 6.23814, 6.93],
			"to": [14.52238, 7.73814, 8.08],
			"rotation": {"angle": 45, "axis": "z", "origin": [13.92238, 7.49814, 7.93]},
			"faces": {
				"north": {"uv": [0, 0, 1.5, 0.4], "rotation": 270, "texture": "#3"},
				"east": {"uv": [0, 0, 1.5, 1.15], "rotation": 90, "texture": "#3"},
				"south": {"uv": [0, 0, 1.5, 0.4], "rotation": 90, "texture": "#3"},
				"up": {"uv": [0, 0, 1.15, 0.4], "rotation": 90, "texture": "#3"},
				"down": {"uv": [0, 0, 1.15, 0.4], "rotation": 90, "texture": "#3"}
			}
		},
		{
			"from": [13.16, 7.41, 6.93],
			"to": [14.96, 7.81, 8.08],
			"rotation": {"angle": -22.5, "axis": "z", "origin": [13.71, 7.9, 7.93]},
			"faces": {
				"north": {"uv": [0, 0, 1.8, 0.4], "texture": "#3"},
				"south": {"uv": [0, 0, 1.8, 0.4], "texture": "#3"}
			}
		},
		{
			"from": [12.25, 7.87, 6.93],
			"to": [14.05, 8.27, 8.08],
			"rotation": {"angle": -22.5, "axis": "z", "origin": [13.71, 7.9, 7.93]},
			"faces": {
				"north": {"uv": [0, 0, 1.8, 0.4], "texture": "#3"},
				"east": {"uv": [0, 0, 1.15, 0.4], "texture": "#3"},
				"south": {"uv": [0, 0, 1.8, 0.4], "texture": "#3"},
				"west": {"uv": [0, 0, 1.15, 0.4], "texture": "#3"},
				"up": {"uv": [0, 0, 1.8, 1.15], "texture": "#3"},
				"down": {"uv": [0, 0, 1.8, 1.15], "texture": "#3"}
			}
		},
		{
			"from": [12.56, 7.7, 6.93],
			"to": [14.36, 8.1, 8.08],
			"rotation": {"angle": -22.5, "axis": "z", "origin": [13.71, 7.9, 7.93]},
			"faces": {
				"north": {"uv": [0, 0, 1.8, 0.4], "texture": "#3"},
				"south": {"uv": [0, 0, 1.8, 0.4], "texture": "#3"}
			}
		},
		{
			"from": [12.36892, 7.16155, 6.93],
			"to": [13.35892, 8.45155, 8.08],
			"rotation": {"angle": 0, "axis": "z", "origin": [13.34892, 7.68155, 7.505]},
			"faces": {
				"north": {"uv": [0, 0, 0.99, 1.29], "texture": "#3"},
				"east": {"uv": [0, 0, 1.15, 1.29], "texture": "#3"},
				"south": {"uv": [0, 0, 0.99, 1.29], "texture": "#3"},
				"west": {"uv": [0, 0, 1.15, 1.29], "texture": "#3"},
				"up": {"uv": [0, 0, 0.99, 1.15], "texture": "#3"},
				"down": {"uv": [0, 0, 0.99, 1.15], "texture": "#3"}
			}
		},
		{
			"from": [12.42, 7.77, 6.93],
			"to": [14.22, 8.17, 8.08],
			"rotation": {"angle": -22.5, "axis": "z", "origin": [13.71, 7.9, 7.93]},
			"faces": {
				"north": {"uv": [0, 0, 1.8, 0.4], "texture": "#3"},
				"south": {"uv": [0, 0, 1.8, 0.4], "texture": "#3"}
			}
		},
		{
			"from": [8.67, 8.1, 7.23],
			"to": [12.37, 8.5, 7.83],
			"rotation": {"angle": 0, "axis": "z", "origin": [6.1, 7.4, 8]},
			"faces": {
				"north": {"uv": [0, 0, 3.7, 0.4], "texture": "#0"},
				"south": {"uv": [0, 0, 3.7, 0.4], "texture": "#0"},
				"west": {"uv": [0, 0, 0.6, 0.4], "texture": "#0"},
				"up": {"uv": [0, 0, 3.7, 0.6], "texture": "#0"},
				"down": {"uv": [0, 0, 3.7, 0.6], "texture": "#0"}
			}
		},
		{
			"from": [10.38, 7.58, 7.38],
			"to": [12.38, 7.72, 7.63],
			"rotation": {"angle": 0, "axis": "z", "origin": [9.7, 6.4, 8]},
			"faces": {
				"north": {"uv": [0, 0, 2, 0.14], "texture": "#1"},
				"south": {"uv": [0, 0, 2, 0.14], "texture": "#1"},
				"west": {"uv": [0, 0, 0.25, 0.14], "texture": "#1"},
				"down": {"uv": [0, 0, 2, 0.25], "texture": "#1"}
			}
		},
		{
			"from": [10.44, 7.03, 7.38],
			"to": [10.58, 8.65, 7.63],
			"rotation": {"angle": 22.5, "axis": "z", "origin": [11.38, 7.65, 8]},
			"faces": {
				"north": {"uv": [0, 0, 1.62, 0.14], "rotation": 270, "texture": "#1"},
				"east": {"uv": [0, 0, 1.62, 0.25], "rotation": 90, "texture": "#1"},
				"south": {"uv": [0, 0, 1.62, 0.14], "rotation": 90, "texture": "#1"},
				"west": {"uv": [0, 0, 1.62, 0.25], "rotation": 90, "texture": "#1"}
			}
		},
		{
			"from": [11.85456, 6.72009, 7.38],
			"to": [11.99456, 8.34009, 7.63],
			"rotation": {"angle": 0, "axis": "z", "origin": [11.70456, 7.99009, 8]},
			"faces": {
				"north": {"uv": [0, 0, 1.62, 0.14], "rotation": 270, "texture": "#1"},
				"east": {"uv": [0, 0, 1.62, 0.25], "rotation": 90, "texture": "#1"},
				"south": {"uv": [0, 0, 1.62, 0.14], "rotation": 90, "texture": "#1"},
				"west": {"uv": [0, 0, 1.62, 0.25], "rotation": 90, "texture": "#1"},
				"down": {"uv": [0, 0, 0.25, 0.14], "rotation": 90, "texture": "#1"}
			}
		},
		{
			"from": [11.55456, 6.96009, 7.38],
			"to": [11.69456, 8.58009, 7.63],
			"rotation": {"angle": 0, "axis": "z", "origin": [11.70456, 7.99009, 8]},
			"faces": {
				"north": {"uv": [0, 0, 1.62, 0.14], "rotation": 270, "texture": "#1"},
				"east": {"uv": [0, 0, 1.62, 0.25], "rotation": 90, "texture": "#1"},
				"south": {"uv": [0, 0, 1.62, 0.14], "rotation": 90, "texture": "#1"},
				"west": {"uv": [0, 0, 1.62, 0.25], "rotation": 90, "texture": "#1"},
				"down": {"uv": [0, 0, 0.25, 0.14], "rotation": 90, "texture": "#1"}
			}
		},
		{
			"from": [10.73, 6.68, 7.38],
			"to": [11.97, 6.82, 7.63],
			"rotation": {"angle": 0, "axis": "z", "origin": [9.7, 6.4, 8]},
			"faces": {
				"north": {"uv": [0, 0, 1.24, 0.14], "texture": "#1"},
				"east": {"uv": [0, 0, 0.25, 0.14], "texture": "#1"},
				"south": {"uv": [0, 0, 1.24, 0.14], "texture": "#1"},
				"west": {"uv": [0, 0, 0.25, 0.14], "texture": "#1"},
				"up": {"uv": [0, 0, 1.24, 0.25], "texture": "#1"},
				"down": {"uv": [0, 0, 1.24, 0.25], "texture": "#1"}
			}
		},
		{
			"from": [11.62, 8.99, 7.38],
			"to": [12.48, 10.08, 7.63],
			"rotation": {"angle": 0, "axis": "y", "origin": [0, 0, 7.45]},
			"faces": {
				"north": {"uv": [0, 0, 0.86, 1.09], "texture": "#1"},
				"east": {"uv": [0, 0, 0.25, 1.09], "texture": "#1"},
				"south": {"uv": [0, 0, 0.86, 1.09], "texture": "#1"},
				"up": {"uv": [0, 0, 0.86, 0.25], "texture": "#1"},
				"down": {"uv": [0, 0, 0.86, 0.25], "texture": "#1"}
			}
		},
		{
			"from": [12.06, 8.99, 7.38],
			"to": [12.48, 10.75, 7.63],
			"rotation": {"angle": -22.5, "axis": "z", "origin": [12.05, 9.535, 8.45]},
			"faces": {
				"north": {"uv": [0, 0, 0.42, 1.76], "texture": "#1"},
				"east": {"uv": [0, 0, 0.25, 1.76], "texture": "#1"},
				"south": {"uv": [0, 0, 0.42, 1.76], "texture": "#1"},
				"west": {"uv": [0, 0, 0.25, 1.76], "texture": "#1"},
				"up": {"uv": [0, 0, 0.42, 0.25], "texture": "#1"}
			}
		}
	],
	"display": {
		"thirdperson_righthand": {
			"rotation": [0, -90, 0],
			"translation": [0, 0, -3.5],
			"scale": [0.75, 0.75, 0.75]
		},
		"thirdperson_lefthand": {
			"rotation": [0, 90, 0],
			"translation": [0, 0, -3.5],
			"scale": [0.75, 0.75, 0.75]
		},
		"firstperson_righthand": {
			"rotation": [0, -90, 0],
			"translation": [-9.55, 5.5, 0]
		},
		"firstperson_lefthand": {
			"rotation": [0, 90, 0],
			"translation": [-8.55, 5.5, 0]
		},
		"ground": {
			"rotation": [0, 0, 45],
			"translation": [0, 2.75, 0]
		},
		"gui": {
			"rotation": [0, -44, -27]
		},
		"head": {
			"translation": [0, 9.75, 0]
		},
		"fixed": {
			"rotation": [0, 0, -30],
			"scale": [1.75, 1.75, 1.75]
		}
	},
	"groups": [
		{
			"name": "Barrel",
			"origin": [8, 8, 8],
			"color": 0,
			"children": [0, 1, 2, 3, 4, 5, 6, 7, 8, 9, 10, 11, 12, 13, 14, 15, 16]
		},
		{
			"name": "ejector",
			"origin": [8, 8, 8],
			"color": 0,
			"children": [17, 18, 19, 20, 21, 22, 23, 24, 25]
		},
		{
			"name": "Cylinder",
			"origin": [8, 8, 8],
			"color": 0,
			"children": [26, 27, 28, 29, 30, 31, 32, 33]
		},
		{
			"name": "FRAME/HANDLE",
			"origin": [6.1, 7.4, 1],
			"color": 0,
			"children": [
				34,
				35,
				36,
				37,
				38,
				39,
				{
					"name": "Handle",
					"origin": [13.71, 7.9, 1],
					"color": 0,
					"children": [40, 41, 42, 43, 44, 45, 46, 47, 48, 49, 50, 51, 52]
				},
				53,
				{
					"name": "Trigger/Guard",
					"origin": [9.7, 6.4, 1],
					"color": 0,
					"children": [54, 55, 56, 57, 58]
				}
			]
		},
		{
			"name": "Hammer",
			"origin": [12.05, 9.535, 1],
			"color": 0,
			"children": [59, 60]
		}
	]
}