{
	"credit": "Made with Blockbench",
	"textures": {
		"1": "block/color/wood_nine",
		"2": "block/color/graymedium_two",
		"3": "block/color/graymetal_light",
		"4": "block/color/black",
		"5": "block/color/lightergray",
		"6": "block/color/graymetal_darker"
	},
	"elements": [
		{
			"name": "wood 1",
			"from": [10.55, 3.75, 0.25],
			"to": [11.725, 4.55, 0.75],
			"faces": {
				"north": {"uv": [0, 0, 1.175, 0.8], "texture": "#1"},
				"east": {"uv": [0, 0, 1, 0.8], "texture": "#1"},
				"south": {"uv": [0, 0, 1.175, 0.8], "texture": "#1"},
				"up": {"uv": [0, 0, 1.175, 1], "texture": "#1"},
				"down": {"uv": [0, 0, 1.175, 1], "texture": "#1"}
			}
		},
		{
			"name": "wood 2",
			"from": [5.65, 3.625, 0.25],
			"to": [10.2, 4.575, 0.75],
			"faces": {
				"north": {"uv": [0, 0, 4.525, 0.9], "texture": "#1"},
				"south": {"uv": [0, 0, 4.525, 0.9], "texture": "#1"},
				"up": {"uv": [0, 0, 4.525, 1], "texture": "#1"},
				"down": {"uv": [0, 0, 4.525, 1], "texture": "#1"}
			}
		},
		{
			"name": "metal 1",
			"from": [2, 3.475, 0.25],
			"to": [5.65, 4.7, 0.75],
			"faces": {
				"north": {"uv": [0, 0, 4.525, 0.9], "texture": "#3"},
				"south": {"uv": [0, 0, 4.525, 0.9], "texture": "#3"},
				"west": {"uv": [0, 0, 1, 0.9], "texture": "#3"},
				"up": {"uv": [0, 0, 4.525, 1], "texture": "#3"},
				"down": {"uv": [0, 0, 4.525, 1], "texture": "#4"}
			}
		},
		{
			"name": "metal 2",
			"from": [3.35, 3.985, 0.28],
			"to": [5.65, 4.39, 0.83],
			"faces": {
				"south": {"uv": [0, 0, 4.525, 0.9], "texture": "#6"},
				"west": {"uv": [0, 0, 1, 0.9], "texture": "#6"},
				"up": {"uv": [0, 0, 4.525, 1], "texture": "#6"},
				"down": {"uv": [0, 0, 4.525, 1], "texture": "#6"}
			}
		},
		{
			"name": "metal 2",
			"from": [1.775, 2.45, 0.25],
			"to": [3.65, 3.575, 0.75],
			"rotation": {"angle": 22.5, "axis": "z", "origin": [0, 0, 0]},
			"faces": {
				"north": {"uv": [0, 0, 4.525, 0.9], "texture": "#3"},
				"south": {"uv": [0, 0, 4.525, 0.9], "texture": "#3"},
				"up": {"uv": [0, 0, 4.525, 1], "texture": "#3"},
				"down": {"uv": [0, 0, 4.525, 1], "texture": "#3"}
			}
		},
		{
			"name": "metal 2",
			"from": [1.71, 3.205, 0.42],
			"to": [3.34, 3.47, 0.62],
			"rotation": {"angle": 0, "axis": "y", "origin": [0, 0, 0.17]},
			"faces": {
				"north": {"uv": [0, 0, 4.525, 0.9], "texture": "#6"},
				"east": {"uv": [0, 0, 1, 0.9], "texture": "#6"},
				"south": {"uv": [0, 0, 4.525, 0.9], "texture": "#6"},
				"west": {"uv": [0, 0, 1, 0.9], "texture": "#6"},
				"up": {"uv": [0, 0, 4.525, 1], "texture": "#6"},
				"down": {"uv": [0, 0, 4.525, 1], "texture": "#6"}
			}
		},
		{
			"name": "metal 3",
			"from": [2.3925, 2.3825, 0.42],
			"to": [2.6575, 3.4225, 0.62],
			"rotation": {"angle": -22.5, "axis": "z", "origin": [2.525, 2.6975, 0.67]},
			"faces": {
				"north": {"uv": [0, 0, 4.525, 0.9], "rotation": 90, "texture": "#6"},
				"east": {"uv": [0, 0, 4.525, 1], "rotation": 270, "texture": "#6"},
				"south": {"uv": [0, 0, 4.525, 0.9], "rotation": 270, "texture": "#6"},
				"west": {"uv": [0, 0, 4.525, 1], "rotation": 270, "texture": "#6"}
			}
		},
		{
			"name": "metal 4",
			"from": [1.00095, 2.5569, 0.42],
			"to": [1.26595, 3.5469, 0.62],
			"rotation": {"angle": 22.5, "axis": "z", "origin": [2.60345, 2.8869, 0.67]},
			"faces": {
				"north": {"uv": [0, 0, 4.525, 0.9], "rotation": 90, "texture": "#6"},
				"east": {"uv": [0, 0, 4.525, 1], "rotation": 270, "texture": "#6"},
				"south": {"uv": [0, 0, 4.525, 0.9], "rotation": 270, "texture": "#6"},
				"west": {"uv": [0, 0, 4.525, 1], "rotation": 270, "texture": "#6"}
			}
		},
		{
			"name": "metal 5",
			"from": [1.48393, 2.53165, 0.49],
			"to": [1.60893, 3.15165, 0.56],
			"rotation": {"angle": 0, "axis": "z", "origin": [1.61643, 2.65665, 0.67]},
			"faces": {
				"north": {"uv": [0, 0, 4.525, 0.9], "rotation": 90, "texture": "#5"},
				"east": {"uv": [0, 0, 4.525, 1], "rotation": 270, "texture": "#5"},
				"south": {"uv": [0, 0, 4.525, 0.9], "rotation": 270, "texture": "#5"},
				"west": {"uv": [0, 0, 4.525, 1], "rotation": 270, "texture": "#5"},
				"down": {"uv": [0, 0, 1, 0.9], "rotation": 270, "texture": "#5"}
			}
		},
		{
			"name": "metal 5",
			"from": [-0.53383, 1.39629, 0.42],
			"to": [-0.26883, 2.38629, 0.62],
			"rotation": {"angle": 45, "axis": "z", "origin": [-0.23133, 1.89129, 0.67]},
			"faces": {
				"north": {"uv": [0, 0, 4.525, 0.9], "rotation": 90, "texture": "#6"},
				"east": {"uv": [0, 0, 4.525, 1], "rotation": 270, "texture": "#6"},
				"south": {"uv": [0, 0, 4.525, 0.9], "rotation": 270, "texture": "#6"},
				"west": {"uv": [0, 0, 4.525, 1], "rotation": 270, "texture": "#6"},
				"up": {"uv": [0, 0, 1, 0.9], "rotation": 270, "texture": "#6"}
			}
		},
		{
			"name": "metal 3",
			"from": [-0.255, 2.19, 0.42],
			"to": [3.1, 2.445, 0.62],
			"rotation": {"angle": 22.5, "axis": "z", "origin": [0, 0, 0.17]},
			"faces": {
				"north": {"uv": [0, 0, 4.525, 0.9], "texture": "#6"},
				"south": {"uv": [0, 0, 4.525, 0.9], "texture": "#6"},
				"west": {"uv": [0, 0, 1, 0.9], "texture": "#6"},
				"up": {"uv": [0, 0, 4.525, 1], "texture": "#6"},
				"down": {"uv": [0, 0, 4.525, 1], "texture": "#6"}
			}
		},
		{
			"name": "metal 4",
			"from": [0.37461, 1.21257, 0.42],
			"to": [3.23961, 1.46757, 0.62],
			"rotation": {"angle": 22.5, "axis": "z", "origin": [0.00961, -0.00743, 0.17]},
			"faces": {
				"north": {"uv": [0, 0, 4.525, 0.9], "texture": "#6"},
				"south": {"uv": [0, 0, 4.525, 0.9], "texture": "#6"},
				"west": {"uv": [0, 0, 1, 0.9], "texture": "#6"},
				"up": {"uv": [0, 0, 4.525, 1], "texture": "#6"},
				"down": {"uv": [0, 0, 4.525, 1], "texture": "#6"}
			}
		},
		{
			"name": "stock 1",
			"from": [-6.40278, 2.45, 0.25],
			"to": [1.775, 3.575, 0.75],
			"rotation": {"angle": 22.5, "axis": "z", "origin": [0, 0, 0]},
			"faces": {
				"north": {"uv": [0, 0, 4.525, 0.9], "texture": "#1"},
				"south": {"uv": [0, 0, 4.525, 0.9], "texture": "#1"},
				"up": {"uv": [0, 0, 4.525, 1], "texture": "#1"},
				"down": {"uv": [0, 0, 4.525, 1], "texture": "#1"}
			}
		},
		{
			"name": "stock 2",
			"from": [-7.82855, 2.16851, 0.25],
			"to": [-1.20355, 3.21851, 0.75],
			"rotation": {"angle": 0, "axis": "y", "origin": [-5.04105, 2.74351, 0.5]},
			"faces": {
				"north": {"uv": [0, 0, 4.525, 0.9], "texture": "#1"},
				"south": {"uv": [0, 0, 4.525, 0.9], "texture": "#1"},
				"west": {"uv": [0, 0, 1, 0.9], "texture": "#4"},
				"up": {"uv": [0, 0, 4.525, 1], "texture": "#1"},
				"down": {"uv": [0, 0, 4.525, 1], "texture": "#1"}
			}
		},
		{
			"name": "stock 3",
			"from": [-7.82855, 2.06851, 0.25],
			"to": [-2.20355, 2.43851, 0.75],
			"rotation": {"angle": 22.5, "axis": "z", "origin": [-5.04105, 2.74351, 0.5]},
			"faces": {
				"north": {"uv": [0, 0, 4.525, 0.9], "texture": "#1"},
				"east": {"uv": [0, 0, 1, 0.9], "texture": "#1"},
				"south": {"uv": [0, 0, 4.525, 0.9], "texture": "#1"},
				"up": {"uv": [0, 0, 4.525, 1], "texture": "#1"}
			}
		},
		{
			"name": "stock 4",
			"from": [-7.82855, 3.15851, 0.25],
			"to": [-2.28355, 3.52851, 0.75],
			"rotation": {"angle": 0, "axis": "z", "origin": [-5.04105, 2.74351, 0.5]},
			"faces": {
				"north": {"uv": [0, 0, 4.525, 0.9], "texture": "#1"},
				"east": {"uv": [0, 0, 1, 0.9], "texture": "#1"},
				"south": {"uv": [0, 0, 4.525, 0.9], "texture": "#1"},
				"west": {"uv": [0, 0, 1, 0.9], "texture": "#4"},
				"up": {"uv": [0, 0, 4.525, 1], "texture": "#1"}
			}
		},
		{
			"name": "stock 3",
			"from": [-7.71179, 1.05582, 0.25],
			"to": [-6.65901, 3.60511, 0.75],
			"rotation": {"angle": 22.5, "axis": "z", "origin": [-4.15901, 2.59332, 0.5]},
			"faces": {
				"north": {"uv": [0, 0, 4.525, 0.9], "rotation": 270, "texture": "#1"},
				"south": {"uv": [0, 0, 4.525, 0.9], "rotation": 90, "texture": "#1"},
				"west": {"uv": [0, 0, 4.525, 1], "rotation": 90, "texture": "#4"}
			}
		},
		{
			"name": "stock fill 1",
			"from": [-6.80355, 1.39351, 0.25],
			"to": [-4.40355, 2.86851, 0.75],
			"rotation": {"angle": 22.5, "axis": "z", "origin": [-5.04105, 2.74351, 0.5]},
			"faces": {
				"north": {"uv": [0, 0, 4.525, 0.9], "texture": "#1"},
				"east": {"uv": [0, 0, 1, 0.9], "texture": "#1"},
				"south": {"uv": [0, 0, 4.525, 0.9], "texture": "#1"}
			}
		},
		{
			"name": "hexadecagon",
			"from": [2.14, 4.49624, 0.29],
			"to": [15.8, 4.58376, 0.41],
			"rotation": {"angle": -45, "axis": "x", "origin": [10.44, 4.54, 0.51]},
			"faces": {
				"north": {"uv": [0, 0, 1, 1], "texture": "#2"},
				"east": {"uv": [0, 0, 1, 1], "texture": "#2"},
				"south": {"uv": [0, 0, 1, 1], "texture": "#4"},
				"west": {"uv": [0, 0, 1, 1], "texture": "#2"}
			}
		},
		{
			"name": "hexadecagon",
			"from": [2.14, 4.49624, 0.29],
			"to": [15.8, 4.58376, 0.41],
			"rotation": {"angle": -22.5, "axis": "x", "origin": [10.44, 4.54, 0.51]},
			"faces": {
				"north": {"uv": [0, 0, 1, 1], "texture": "#2"},
				"east": {"uv": [0, 0, 1, 1], "texture": "#2"},
				"south": {"uv": [0, 0, 1, 1], "texture": "#4"},
				"west": {"uv": [0, 0, 1, 1], "texture": "#2"}
			}
		},
		{
			"name": "hexadecagon",
			"from": [2.14, 4.49624, 0.29],
			"to": [15.8, 4.58376, 0.41],
			"rotation": {"angle": 0, "axis": "x", "origin": [10.44, 4.54, 0.51]},
			"faces": {
				"north": {"uv": [0, 0, 1, 1], "texture": "#2"},
				"east": {"uv": [0, 0, 1, 1], "texture": "#2"},
				"south": {"uv": [0, 0, 1, 1], "texture": "#4"}
			}
		},
		{
			"name": "hexadecagon",
			"from": [2.14, 4.49624, 0.29],
			"to": [15.8, 4.58376, 0.41],
			"rotation": {"angle": 22.5, "axis": "x", "origin": [10.44, 4.54, 0.51]},
			"faces": {
				"north": {"uv": [0, 0, 1, 1], "texture": "#2"},
				"east": {"uv": [0, 0, 1, 1], "texture": "#2"},
				"south": {"uv": [0, 0, 1, 1], "texture": "#4"},
				"west": {"uv": [0, 0, 1, 1], "texture": "#2"}
			}
		},
		{
			"name": "hexadecagon",
			"from": [2.14, 4.49624, 0.29],
			"to": [15.8, 4.58376, 0.41],
			"rotation": {"angle": 45, "axis": "x", "origin": [10.44, 4.54, 0.51]},
			"faces": {
				"north": {"uv": [0, 0, 1, 1], "texture": "#2"},
				"east": {"uv": [0, 0, 1, 1], "texture": "#2"},
				"south": {"uv": [0, 0, 1, 1], "texture": "#4"},
				"west": {"uv": [0, 0, 1, 1], "texture": "#2"}
			}
		},
		{
			"name": "hexadecagon",
			"from": [2.14, 4.49624, 0.61],
			"to": [15.8, 4.58376, 0.73],
			"rotation": {"angle": -45, "axis": "x", "origin": [10.44, 4.54, 0.51]},
			"faces": {
				"north": {"uv": [0, 0, 1, 1], "texture": "#4"},
				"east": {"uv": [0, 0, 1, 1], "texture": "#2"},
				"south": {"uv": [0, 0, 1, 1], "texture": "#2"},
				"west": {"uv": [0, 0, 1, 1], "texture": "#2"}
			}
		},
		{
			"name": "hexadecagon",
			"from": [2.14, 4.49624, 0.61],
			"to": [15.8, 4.58376, 0.73],
			"rotation": {"angle": -22.5, "axis": "x", "origin": [10.44, 4.54, 0.51]},
			"faces": {
				"north": {"uv": [0, 0, 1, 1], "texture": "#4"},
				"east": {"uv": [0, 0, 1, 1], "texture": "#2"},
				"south": {"uv": [0, 0, 1, 1], "texture": "#2"},
				"west": {"uv": [0, 0, 1, 1], "texture": "#2"}
			}
		},
		{
			"name": "hexadecagon",
			"from": [2.14, 4.49624, 0.61],
			"to": [15.8, 4.58376, 0.73],
			"rotation": {"angle": 0, "axis": "x", "origin": [10.44, 4.54, 0.51]},
			"faces": {
				"north": {"uv": [0, 0, 1, 1], "texture": "#4"},
				"east": {"uv": [0, 0, 1, 1], "texture": "#2"},
				"south": {"uv": [0, 0, 1, 1], "texture": "#2"}
			}
		},
		{
			"name": "hexadecagon",
			"from": [2.14, 4.49624, 0.61],
			"to": [15.8, 4.58376, 0.73],
			"rotation": {"angle": 22.5, "axis": "x", "origin": [10.44, 4.54, 0.51]},
			"faces": {
				"north": {"uv": [0, 0, 1, 1], "texture": "#4"},
				"east": {"uv": [0, 0, 1, 1], "texture": "#2"},
				"south": {"uv": [0, 0, 1, 1], "texture": "#2"},
				"west": {"uv": [0, 0, 1, 1], "texture": "#2"}
			}
		},
		{
			"name": "hexadecagon",
			"from": [2.14, 4.49624, 0.61],
			"to": [15.8, 4.58376, 0.73],
			"rotation": {"angle": 45, "axis": "x", "origin": [10.44, 4.54, 0.51]},
			"faces": {
				"north": {"uv": [0, 0, 1, 1], "texture": "#4"},
				"east": {"uv": [0, 0, 1, 1], "texture": "#2"},
				"south": {"uv": [0, 0, 1, 1], "texture": "#2"},
				"west": {"uv": [0, 0, 1, 1], "texture": "#2"}
			}
		},
		{
			"name": "hexadecagon",
			"from": [2.14, 4.32, 0.46624],
			"to": [15.8, 4.44, 0.55376],
			"rotation": {"angle": -22.5, "axis": "x", "origin": [10.44, 4.54, 0.51]},
			"faces": {
				"east": {"uv": [0, 0, 1, 1], "texture": "#2"},
				"west": {"uv": [0, 0, 1, 1], "texture": "#2"},
				"up": {"uv": [0, 0, 1, 1], "texture": "#4"},
				"down": {"uv": [0, 0, 1, 1], "texture": "#2"}
			}
		},
		{
			"name": "hexadecagon",
			"from": [2.14, 4.32, 0.46624],
			"to": [15.8, 4.44, 0.55376],
			"rotation": {"angle": 0, "axis": "x", "origin": [10.44, 4.54, 0.51]},
			"faces": {
				"east": {"uv": [0, 0, 1, 1], "texture": "#2"},
				"up": {"uv": [0, 0, 1, 1], "texture": "#4"},
				"down": {"uv": [0, 0, 1, 1], "texture": "#2"}
			}
		},
		{
			"name": "hexadecagon",
			"from": [2.14, 4.32, 0.46624],
			"to": [15.8, 4.44, 0.55376],
			"rotation": {"angle": 22.5, "axis": "x", "origin": [10.44, 4.54, 0.51]},
			"faces": {
				"east": {"uv": [0, 0, 1, 1], "texture": "#2"},
				"west": {"uv": [0, 0, 1, 1], "texture": "#2"},
				"up": {"uv": [0, 0, 1, 1], "texture": "#4"},
				"down": {"uv": [0, 0, 1, 1], "texture": "#2"}
			}
		},
		{
			"name": "hexadecagon",
			"from": [2.14, 4.64, 0.46624],
			"to": [15.8, 4.76, 0.55376],
			"rotation": {"angle": -22.5, "axis": "x", "origin": [10.44, 4.54, 0.51]},
			"faces": {
				"east": {"uv": [0, 0, 1, 1], "texture": "#2"},
				"west": {"uv": [0, 0, 1, 1], "texture": "#2"},
				"up": {"uv": [0, 0, 1, 1], "texture": "#2"},
				"down": {"uv": [0, 0, 1, 1], "texture": "#4"}
			}
		},
		{
			"name": "hexadecagon",
			"from": [2.14, 4.64, 0.46624],
			"to": [15.8, 4.76, 0.55376],
			"rotation": {"angle": 0, "axis": "x", "origin": [10.44, 4.54, 0.51]},
			"faces": {
				"east": {"uv": [0, 0, 1, 1], "texture": "#2"},
				"west": {"uv": [0, 0, 1, 1], "texture": "#2"},
				"up": {"uv": [0, 0, 1, 1], "texture": "#2"},
				"down": {"uv": [0, 0, 1, 1], "texture": "#4"}
			}
		},
		{
			"name": "hexadecagon",
			"from": [2.14, 4.64, 0.46624],
			"to": [15.8, 4.76, 0.55376],
			"rotation": {"angle": 22.5, "axis": "x", "origin": [10.44, 4.54, 0.51]},
			"faces": {
				"east": {"uv": [0, 0, 1, 1], "texture": "#2"},
				"west": {"uv": [0, 0, 1, 1], "texture": "#2"},
				"up": {"uv": [0, 0, 1, 1], "texture": "#2"},
				"down": {"uv": [0, 0, 1, 1], "texture": "#4"}
			}
		},
		{
			"name": "hexadecagon",
			"from": [1.55, 4.03624, 0.28],
			"to": [15.75, 4.12376, 0.72],
			"rotation": {"angle": -45, "axis": "x", "origin": [11.86, 4.08, 0.5]},
			"faces": {
				"north": {"uv": [0, 0, 1, 1], "texture": "#2"},
				"east": {"uv": [0, 0, 1, 1], "texture": "#2"},
				"south": {"uv": [0, 0, 1, 1], "texture": "#2"},
				"west": {"uv": [0, 0, 1, 1], "texture": "#2"}
			}
		},
		{
			"name": "hexadecagon",
			"from": [1.55, 4.03624, 0.28],
			"to": [15.75, 4.12376, 0.72],
			"rotation": {"angle": -22.5, "axis": "x", "origin": [11.86, 4.08, 0.5]},
			"faces": {
				"north": {"uv": [0, 0, 1, 1], "texture": "#2"},
				"east": {"uv": [0, 0, 1, 1], "texture": "#2"},
				"south": {"uv": [0, 0, 1, 1], "texture": "#2"},
				"west": {"uv": [0, 0, 1, 1], "texture": "#2"}
			}
		},
		{
			"name": "hexadecagon",
			"from": [1.55, 4.03624, 0.28],
			"to": [15.75, 4.12376, 0.72],
			"rotation": {"angle": 0, "axis": "x", "origin": [11.86, 4.08, 0.5]},
			"faces": {
				"north": {"uv": [0, 0, 1, 1], "texture": "#2"},
				"east": {"uv": [0, 0, 1, 1], "texture": "#2"},
				"south": {"uv": [0, 0, 1, 1], "texture": "#2"}
			}
		},
		{
			"name": "hexadecagon",
			"from": [1.55, 4.03624, 0.28],
			"to": [15.75, 4.12376, 0.72],
			"rotation": {"angle": 22.5, "axis": "x", "origin": [11.86, 4.08, 0.5]},
			"faces": {
				"north": {"uv": [0, 0, 1, 1], "texture": "#2"},
				"east": {"uv": [0, 0, 1, 1], "texture": "#2"},
				"south": {"uv": [0, 0, 1, 1], "texture": "#2"},
				"west": {"uv": [0, 0, 1, 1], "texture": "#2"}
			}
		},
		{
			"name": "hexadecagon",
			"from": [1.55, 4.03624, 0.28],
			"to": [15.75, 4.12376, 0.72],
			"rotation": {"angle": 45, "axis": "x", "origin": [11.86, 4.08, 0.5]},
			"faces": {
				"north": {"uv": [0, 0, 1, 1], "texture": "#2"},
				"east": {"uv": [0, 0, 1, 1], "texture": "#2"},
				"south": {"uv": [0, 0, 1, 1], "texture": "#2"},
				"west": {"uv": [0, 0, 1, 1], "texture": "#2"}
			}
		},
		{
			"name": "hexadecagon",
			"from": [1.55, 3.86, 0.45624],
			"to": [15.75, 4.3, 0.54376],
			"rotation": {"angle": -22.5, "axis": "x", "origin": [11.86, 4.08, 0.5]},
			"faces": {
				"east": {"uv": [0, 0, 1, 1], "texture": "#2"},
				"west": {"uv": [0, 0, 1, 1], "texture": "#2"},
				"up": {"uv": [0, 0, 1, 1], "texture": "#2"},
				"down": {"uv": [0, 0, 1, 1], "texture": "#2"}
			}
		},
		{
			"name": "hexadecagon",
			"from": [1.55, 3.86, 0.45624],
			"to": [15.75, 4.3, 0.54376],
			"rotation": {"angle": 0, "axis": "x", "origin": [11.86, 4.08, 0.5]},
			"faces": {
				"east": {"uv": [0, 0, 1, 1], "texture": "#2"},
				"up": {"uv": [0, 0, 1, 1], "texture": "#2"},
				"down": {"uv": [0, 0, 1, 1], "texture": "#2"}
			}
		},
		{
			"name": "hexadecagon",
			"from": [1.55, 3.86, 0.45624],
			"to": [15.75, 4.3, 0.54376],
			"rotation": {"angle": 22.5, "axis": "x", "origin": [11.86, 4.08, 0.5]},
			"faces": {
				"east": {"uv": [0, 0, 1, 1], "texture": "#2"},
				"west": {"uv": [0, 0, 1, 1], "texture": "#2"},
				"up": {"uv": [0, 0, 1, 1], "texture": "#2"},
				"down": {"uv": [0, 0, 1, 1], "texture": "#2"}
			}
		},
		{
			"name": "metal 5",
			"from": [2.16095, 4.1269, 0.42],
			"to": [2.42595, 5.1169, 0.62],
			"rotation": {"angle": 22.5, "axis": "z", "origin": [2.60345, 2.8869, 0.67]},
			"faces": {
				"north": {"uv": [0, 0, 4.525, 0.9], "rotation": 90, "texture": "#5"},
				"east": {"uv": [0, 0, 4.525, 1], "rotation": 270, "texture": "#5"},
				"south": {"uv": [0, 0, 4.525, 0.9], "rotation": 270, "texture": "#5"},
				"west": {"uv": [0, 0, 4.525, 1], "rotation": 270, "texture": "#5"},
				"up": {"uv": [0, 0, 1, 0.9], "rotation": 270, "texture": "#5"}
			}
		},
		{
			"name": "metal 6",
			"from": [1.10242, 4.79966, 0.42],
			"to": [1.59242, 4.89466, 0.62],
			"rotation": {"angle": 0, "axis": "z", "origin": [1.55742, 4.60216, 0.52]},
			"faces": {
				"north": {"uv": [0, 0, 4.525, 0.9], "rotation": 180, "texture": "#5"},
				"east": {"uv": [0, 0, 1, 0.9], "rotation": 180, "texture": "#5"},
				"south": {"uv": [0, 0, 4.525, 0.9], "rotation": 180, "texture": "#5"},
				"west": {"uv": [0, 0, 1, 0.9], "rotation": 180, "texture": "#5"},
				"up": {"uv": [0, 0, 4.525, 1], "rotation": 180, "texture": "#5"},
				"down": {"uv": [0, 0, 4.525, 1], "rotation": 180, "texture": "#5"}
			}
		},
		{
			"name": "metal 6",
			"from": [0.78809, 4.37869, 0.42],
			"to": [1.77809, 4.64369, 0.62],
			"rotation": {"angle": 22.5, "axis": "z", "origin": [1.65309, 4.37119, 0.52]},
			"faces": {
				"north": {"uv": [0, 0, 4.525, 0.9], "rotation": 180, "texture": "#5"},
				"south": {"uv": [0, 0, 4.525, 0.9], "rotation": 180, "texture": "#5"},
				"west": {"uv": [0, 0, 1, 0.9], "rotation": 180, "texture": "#5"},
				"up": {"uv": [0, 0, 4.525, 1], "rotation": 180, "texture": "#5"}
			}
		},
		{
			"name": "metal 2",
			"from": [5.14, 3.445, 0.16],
			"to": [5.65, 4.81, 0.84],
			"faces": {
				"north": {"uv": [0, 0, 4.525, 0.9], "texture": "#6"},
				"east": {"uv": [0, 0, 1, 0.9], "texture": "#6"},
				"south": {"uv": [0, 0, 4.525, 0.9], "texture": "#6"},
				"west": {"uv": [0, 0, 1, 0.9], "texture": "#6"},
				"up": {"uv": [0, 0, 4.525, 1], "texture": "#6"},
				"down": {"uv": [0, 0, 4.525, 1], "texture": "#6"}
			}
		},
		{
			"name": "metal 3",
			"from": [10.06, 3.445, 0.16],
			"to": [10.57, 4.81, 0.84],
			"faces": {
				"north": {"uv": [0, 0, 4.525, 0.9], "texture": "#6"},
				"east": {"uv": [0, 0, 1, 0.9], "texture": "#6"},
				"south": {"uv": [0, 0, 4.525, 0.9], "texture": "#6"},
				"west": {"uv": [0, 0, 1, 0.9], "texture": "#6"},
				"up": {"uv": [0, 0, 4.525, 1], "texture": "#6"},
				"down": {"uv": [0, 0, 4.525, 1], "texture": "#6"}
			}
		},
		{
			"name": "metal 4",
			"from": [14.97, 3.845, 0.26],
			"to": [15.48, 4.81, 0.74],
			"faces": {
				"north": {"uv": [0, 0, 4.525, 0.9], "texture": "#6"},
				"east": {"uv": [0, 0, 1, 0.9], "texture": "#6"},
				"south": {"uv": [0, 0, 4.525, 0.9], "texture": "#6"},
				"west": {"uv": [0, 0, 1, 0.9], "texture": "#6"},
				"up": {"uv": [0, 0, 4.525, 1], "texture": "#6"},
				"down": {"uv": [0, 0, 4.525, 1], "texture": "#6"}
			}
		},
		{
			"name": "metal 5",
			"from": [15.09, 4.095, 0.43],
			"to": [15.36, 5.06, 0.57],
			"faces": {
				"north": {"uv": [0, 0, 4.525, 0.9], "texture": "#6"},
				"east": {"uv": [0, 0, 1, 0.9], "texture": "#6"},
				"south": {"uv": [0, 0, 4.525, 0.9], "texture": "#6"},
				"west": {"uv": [0, 0, 1, 0.9], "texture": "#6"},
				"up": {"uv": [0, 0, 4.525, 1], "texture": "#6"}
			}
		},
		{
			"name": "metal 6",
			"from": [7.12, 4.095, 0.43],
			"to": [7.39, 5.06, 0.57],
			"faces": {
				"north": {"uv": [0, 0, 4.525, 0.9], "texture": "#6"},
				"east": {"uv": [0, 0, 1, 0.9], "texture": "#6"},
				"south": {"uv": [0, 0, 4.525, 0.9], "texture": "#6"},
				"west": {"uv": [0, 0, 1, 0.9], "texture": "#6"},
				"up": {"uv": [0, 0, 4.525, 1], "texture": "#6"}
			}
		},
		{
			"name": "metal 5",
			"from": [7, 3.845, 0.26],
			"to": [7.51, 4.81, 0.74],
			"faces": {
				"north": {"uv": [0, 0, 4.525, 0.9], "texture": "#6"},
				"east": {"uv": [0, 0, 1, 0.9], "texture": "#6"},
				"south": {"uv": [0, 0, 4.525, 0.9], "texture": "#6"},
				"west": {"uv": [0, 0, 1, 0.9], "texture": "#6"},
				"up": {"uv": [0, 0, 4.525, 1], "texture": "#6"}
			}
		}
	],
	"display": {
		"thirdperson_righthand": {
			"rotation": [0, 90, 0],
			"translation": [7.5, 5, -7.5]
		},
		"thirdperson_lefthand": {
			"rotation": [0, -90, 0],
			"translation": [-7.5, 5, -7.5]
		},
		"firstperson_righthand": {
			"rotation": [0, 90, 0],
			"translation": [-1.53, 11.25, 4.5],
			"scale": [0.7, 1, 1]
		},
		"firstperson_lefthand": {
			"rotation": [0, -90, 0],
			"translation": [-16.55, 11.25, 4.5],
			"scale": [0.7, 1, 1]
		},
		"ground": {
			"rotation": [0, 0, -21],
			"translation": [2.5, 4.5, 7]
		},
		"gui": {
			"rotation": [0, 138, 27],
			"translation": [3.25, 7, 0]
		},
		"fixed": {
			"rotation": [0, 0, -35],
			"translation": [10.25, 1.5, 11.75],
			"scale": [1.65, 1.65, 1.65]
		}
	},
	"groups": [
		{
			"name": "FrontFurnishing",
			"origin": [0, 0, 0],
			"color": 0,
			"children": [0, 1]
		},
		{
			"name": "Receiver",
			"origin": [0, 0, 0],
			"color": 0,
			"children": [2, 3, 4]
		},
		{
			"name": "Lever/Trigger",
			"origin": [0, 0, 0],
			"color": 0,
			"children": [5, 6, 7, 8, 9, 10, 11]
		},
		{
			"name": "stock",
			"origin": [-5.0125, 2.6, 0.5],
			"color": 0,
			"children": [12, 13, 14, 15, 16, 17]
		},
		{
			"name": "Barrel",
			"origin": [8, 8, 8],
			"color": 0,
			"children": [18, 19, 20, 21, 22, 23, 24, 25, 26, 27, 28, 29, 30, 31, 32, 33]
		},
		{
			"name": "BulletHose",
			"origin": [8, 8, 8],
			"color": 0,
			"children": [34, 35, 36, 37, 38, 39, 40, 41]
		},
		{
			"name": "Hammer",
			"origin": [1.65309, 4.37119, 0.52],
			"color": 0,
			"children": [42, 43, 44]
		},
		{
			"name": "MetalFurnishing",
			"origin": [0, 0, 0],
			"color": 0,
			"children": [45, 46, 47, 48, 49, 50]
		}
	]
}