{"textures":{"0":"modelengine:entity/bs_vm_armadillo_texture"},"elements":[{"from":[1.5,9.676642,-2.1400032],"to":[14.5,21.676643,6.859997],"faces":{"east":{"uv":[6.5,0.0,8.75,3.0],"tintindex":0,"rotation":0,"texture":"#0"},"south":{"uv":[0.0,3.0,3.25,6.0],"tintindex":0,"rotation":0,"texture":"#0"},"north":{"uv":[0.0,0.0,3.25,3.0],"tintindex":0,"rotation":0,"texture":"#0"},"west":{"uv":[6.5,3.0,8.75,6.0],"tintindex":0,"rotation":0,"texture":"#0"},"up":{"uv":[3.25,8.25,0.0,6.0],"tintindex":0,"rotation":0,"texture":"#0"},"down":{"uv":[6.5,6.0,3.25,8.25],"tintindex":0,"rotation":0,"texture":"#0"}}}]}