{"textures":{"0":"modelengine:entity/bs_vm_armadillo_texture"},"elements":[{"from":[6.5,5.0,6.5],"to":[9.5,9.0,9.5],"faces":{"east":{"uv":[9.0,10.0,9.75,11.0],"tintindex":0,"rotation":0,"texture":"#0"},"south":{"uv":[9.75,10.0,10.5,11.0],"tintindex":0,"rotation":0,"texture":"#0"},"north":{"uv":[8.25,10.0,9.0,11.0],"tintindex":0,"rotation":0,"texture":"#0"},"west":{"uv":[4.0,10.25,4.75,11.25],"tintindex":0,"rotation":0,"texture":"#0"},"up":{"uv":[8.25,11.75,7.5,11.0],"tintindex":0,"rotation":0,"texture":"#0"},"down":{"uv":[9.0,11.0,8.25,11.75],"tintindex":0,"rotation":0,"texture":"#0"}}}]}